STOCK_CODE,STOCK_NAME,ACTIVE_BUY,PASSIVE_BUY,TOTAL_BUY,ACTIVE_RATIO,ACTIVE_RATIO_PCT,ACTIVE_FLAG,PASSIVE_FLAG
3891,NIPPON KODOSHI,300.0,0.0,300.0,1.0,100.0,1,0
6856,HORIBA LTD,10.759107,0.0,10.759107,1.0,100.0,1,0
9983,FAST RETAILING CO,1.7651610000000062,0.0,1.7651610000000062,1.0,100.0,1,0
6806,HIROSE ELECTRIC,-0.2123520000000098,0.0,-0.2123520000000098,1.0,100.0,1,0
9744,MEITEC GROUP HLDGS,-6.044800000000578,0.0,-6.044800000000578,1.0,100.0,1,0
6869,SYSMEX CORP,-3.20162100000016,0.0,-3.20162100000016,1.0,100.0,1,0
6965,HAMAMATSU PHOTONIC,-2.433886000000029,0.0,-2.433886000000029,1.0,100.0,1,0
4716,ORACLE CORP JAPAN,-0.5227130000000102,0.0,-0.5227130000000102,1.0,100.0,1,0
9435,HIKARI TSUSHIN INC,-0.3302300000000002,0.0,-0.3302300000000002,1.0,100.0,1,0
3661,M UP HOLDINGS INC,1300.0,500.0,1800.0,0.7222222222222222,72.22222222222221,1,1
7202,ISUZU MOTORS,3397.8536410000006,-1600.0,1797.8536410000006,0.6798625740309069,67.98625740309069,1,1
6787,MEIKO ELECTRONICS,100.0,-100.0,0.0,0.5,50.0,1,1
3105,NISSHINBO HOLDINGS,1400.0,1500.0,2900.0,0.4827586206896552,48.27586206896552,1,1
7550,ZENSHO HOLDINGS,-1300.506379,-1800.0,-3100.506379,0.4194496704823583,41.94496704823583,1,1
7936,ASICS CORP,598.823894,1100.0,1698.823894,0.3524932137550921,35.24932137550921,1,1
9697,CAPCOM CO LTD,-1701.339454,3700.0,1998.660546,0.3149847308226594,31.49847308226594,1,1
8830,SUMITOMO RLTY&DEV,1198.70955,2700.0,3898.70955,0.3074631579056716,30.746315790567163,1,1
2809,KEWPIE CORP,398.840229,1100.0,1498.840229,0.2660992287791069,26.609922877910694,1,1
4912,LION CORP,597.1250749999999,2700.0,3297.125075,0.181104768978168,18.1104768978168,1,1
9766,KONAMI GROUP CORP,-300.228687,1600.0,1299.771313,0.1579960817631841,15.799608176318412,1,1
6723,RENESAS ELECTRONIC,-701.649815,5010.083130000014,4308.433315000014,0.1228435961128428,12.284359611284284,1,1
6383,DAIFUKU CO LTD,46.58348899999976,400.0,446.58348899999976,0.1043108179039726,10.431081790397268,1,1
1812,KAJIMA CORP,699.1342549999999,-6100.0,-5400.865745,0.1028269524882326,10.282695248823265,1,1
4568,DAIICHI SANKYO COM,-2839.180378,-24800.0,-27639.180378,0.1027230308269165,10.272303082691652,1,1
7747,ASAHI INTECC CO LT,9.403317000000015,-100.0,-90.59668299999998,0.0859509314511918,8.595093145119186,1,1
6098,RECRUIT HLDGS CO L,-873.981326,9300.0,8426.018674,0.0859035708829646,8.590357088296468,1,1
6504,FUJI ELECTRIC CO.,16.316724999999963,200.0,216.316725,0.0754297893517016,7.542978935170161,1,1
6845,AZBIL CORP,7.8188420000001315,-100.0,-92.18115799999988,0.0725183266205003,7.2518326620500355,1,1
5344,MARUWA CO LTD,7.011197000000003,-100.0,-92.988803,0.0655183494489833,6.551834944898339,1,1
6701,NEC CORP,27.656698000000123,400.0,427.6566980000001,0.0646703258228873,6.46703258228873,1,1
6702,FUJITSU,47.696068999999966,700.0,747.696069,0.0637907178832579,6.379071788325795,1,1
8113,UNICHARM CORP,111.44149199999993,1700.0,1811.441492,0.0615208895745002,6.1520889574500215,1,1
7012,KAWASAKI HEAVY IND,84.3261299999997,1700.0,1784.3261299999997,0.0472593706846627,4.725937068466274,1,1
7988,NIFCO INC,9.893362000000025,200.0,209.893362,0.0471351828649065,4.713518286490653,1,1
8088,IWATANI CORP,8.325220999999829,200.0,208.32522099999983,0.0399626169123316,3.996261691233168,1,1
3099,ISETAN MITSUKOSHI,143.13139899999987,-4400.0,-4256.868601,0.0315050097453718,3.1505009745371857,1,1
6981,MURATA MFG CO,337.4912580000004,10800.0,11137.491258,0.030302269171936,3.0302269171936023,1,1
7956,PIGEON CORP,38.51365499999997,1300.0,1338.513655,0.0287734494572638,2.877344945726383,1,1
6183,BELLSYSTEM24 HOLDI,-8.445157000000108,300.0,291.5548429999999,0.0273797685207296,2.737976852072962,1,1
8316,SUMITOMO MITSUI FG,86.01231499999994,-3100.0,-3013.987685,0.0269968557858508,2.6996855785850893,1,1
5334,NITERRA CO LTD,-2.6059039999999527,-100.0,-102.60590399999997,0.0253972130102762,2.539721301027623,1,1
6361,EBARA CORP,44.20047,1700.0,1744.20047,0.0253413932401933,2.534139324019331,1,1
7741,HOYA CORP,15.656501999999977,612.3839560000015,628.0404580000014,0.0249291296453387,2.492912964533877,1,1
3231,NOMURA RL EST INC,-16.938932999998087,700.0,683.0610670000019,0.0236267445110253,2.362674451102537,1,1
5706,MITSUI KINZOKU CO,-100.147013,4300.0,4199.852987,0.0227599243171014,2.275992431710145,1,1
9984,SOFTBANK GROUP CO,-1101.029092,47700.0,46598.970908,0.0225615957795548,2.256159577955484,1,1
1951,EXEO GROUP INC,-4.570191000000705,200.0,195.4298089999993,0.0223404542844694,2.2340454284469478,1,1
4502,TAKEDA PHARMACEUTI,607.0838249999994,27300.0,27907.083825,0.0217537535919878,2.175375359198784,1,1
4307,NOMURA RESEARCH IN,33.14139100000011,1500.0,1533.141391,0.0216166566205504,2.1616656620550474,1,1
8060,CANON MARKETING JP,-3.84203400000024,200.0,196.15796599999976,0.0188480948929318,1.8848094892931824,1,1
6902,DENSO CORP,24.575246000001467,1300.0,1324.5752460000017,0.0185533030865665,1.8553303086566544,1,1
6141,DMG MORI CO LTD,-4.892808000000173,300.0,295.1071919999998,0.0160476333702176,1.6047633370217675,1,1
3774,INTERNET INITIATIV,-1.6171449999999368,100.0,98.38285500000006,0.0159140959923636,1.591409599236367,1,1
2801,KIKKOMAN CORP,82.19549099999995,5900.0,5982.195491,0.0137400208875922,1.374002088759221,1,1
5929,SANWA HOLDINGS,-1.3394539999999324,100.0,98.66054600000008,0.0132174976983784,1.3217497698378493,1,1
8306,MITSUBISHI UFJ FIN,194.94010900000012,-14800.0,-14605.059891,0.0130003926379803,1.3000392637980367,1,1
5991,NHK SPRING CO LTD,-2.5979459999998653,200.0,197.4020540000001,0.012823160605981,1.2823160605981003,1,1
1911,SUMITOMO FORESTRY,7.547413999999662,600.0,607.5474139999997,0.01242275718089,1.2422757180890027,1,1
1944,KINDEN CORP,-2.446341999999902,200.0,197.5536580000001,0.0120839032003843,1.2083903200384345,1,1
7701,SHIMADZU CORP,-1.2087760000000571,-100.0,-101.20877600000006,0.0119433911541431,1.194339115414316,1,1
4202,DAICEL CORPORATION,-3.5773220000000947,300.0,296.4226779999999,0.0117838907611158,1.1783890761115856,1,1
8766,TOKIO MARINE HLDG,-792.709724,-66800.0,-67592.709724,0.011727739977238,1.1727739977238023,1,1
7867,TOMY COMPANY LTD,9.419652999999926,800.0,809.4196529999999,0.0116375392728448,1.163753927284482,1,1
7729,TOKYO SEIMITSU CO,-1.2178130000000351,104.7511429999995,103.53332999999948,0.0114921675740585,1.149216757405858,1,1
3088,MATSUKIYOCOCOKARA,65.46241799999984,-6000.0,-5934.537582,0.0107926508300063,1.079265083000632,1,1
8253,CREDIT SAISON CO,-3.2420509999999467,-300.0,-303.24205099999995,0.0106912975601789,1.0691297560178905,1,1
1942,KANDENKO CO LTD,-2.0746979999998985,200.0,197.9253020000001,0.0102669855282916,1.026698552829162,1,1
1925,DAIWA HOUSE INDS,12.328765000000772,-1200.0,-1187.6712349999991,0.0101694897918229,1.01694897918229,1,1
3291,IIDA GROUP HOLDING,-2.0255150000000413,200.0,197.974485,0.0100260355727841,1.0026035572784164,1,1
