STOCK_CODE,STOCK_NAME,ETF_A_SHARES,ETF_B_SHARES,COMMON_HOLDING
1301,KYOKUYO CO LTD,352000.0,8800.0,True
1332,NISSUI CORPORATION,7526800.0,188500.0,True
1333,UMIOS CORP,4081400.0,102200.0,True
1375,YUKIGUNI FACTORY,715700.0,17900.0,True
1376,KANEKO SEEDS CO,237500.0,5900.0,True
1377,SAKATA SEED CORP,1017900.0,25500.0,True
1379,HOKUTO CORP,747800.0,18700.0,True
1414,SHO-BOND HOLDINGS,4908400.0,122900.0,True
1417,MIRAIT ONE CORP,2865900.0,71800.0,True
1419,TAMA HOME CO LTD,528200.0,13200.0,True
1435,ROBOT HOME INC,1634100.0,40900.0,True
1514,SUMISEKI HOLDINGS,753400.0,18900.0,True
1515,NITTETSU MINING CO,1613900.0,40400.0,True
1518,MITSUI MATSU HLDGS,1024900.0,25700.0,True
1605,INPEX CORPORATION,28223500.0,706800.0,True
1662,JAPAN PETROLEUM EX,5184600.0,129800.0,True
1663,K&O ENERGY GROUP I,762200.0,19100.0,True
166A,TASUKI HLDGS INC,1453000.0,36400.0,True
167A,RYOYO RYOSAN HOLDI,1120700.0,28100.0,True
1716,DAI-ICHI CUTTER KO,215200.0,5400.0,True
1719,HAZAMA ANDO CORP,4463300.0,111800.0,True
1720,TOKYU CONST(NEW),2632400.0,65900.0,True
1721,COMSYS HOLDINGS,2645000.0,66200.0,True
1762,TAKAMATSU CONSTRUC,624400.0,15600.0,True
1766,TOKEN CORPORATION,181200.0,4500.0,True
1780,YAMAURA CORP,459600.0,11500.0,True
1786,ORIENTAL SHIRAISHI,3111400.0,77900.0,True
1801,TAISEI CORP,4389400.0,109900.0,True
1802,OBAYASHI CORP,18608300.0,466000.0,True
1803,SHIMIZU CORP,16064600.0,402300.0,True
1808,HASEKO CORPORATION,5244700.0,131300.0,True
1810,MATSUI CONSTRUCT,479800.0,12000.0,True
1812,KAJIMA CORP,13034800.0,326400.0,True
1813,FUDO TETRA CORP,332700.0,8300.0,True
1815,TEKKEN CORP,369200.0,9200.0,True
1820,NISHIMATSU CONSTCN,936800.0,23500.0,True
1822,DAIHO CORPORATION,771200.0,19300.0,True
1833,OKUMURA CORP,953300.0,23900.0,True
1835,TOTETSU KOGYO CO,647400.0,16200.0,True
1852,ASANUMA CORP,2354100.0,58900.0,True
1860,TODA CORP,7128100.0,178500.0,True
1861,KUMAGAI GUMI CO,3492900.0,87500.0,True
1870,YAHAGI CONSTRUCT,1099900.0,27500.0,True
1871,PS CONSTRUCTION CO,532200.0,13300.0,True
1873,NIHON HOUSE HOLDIN,1255200.0,31400.0,True
1878,DAITO TRUST CONST,10041300.0,251500.0,True
1879,SHINNIHON CORP,825200.0,20700.0,True
1882,TOA ROAD CORP,903700.0,22600.0,True
1885,TOA CORP (CONST),2169200.0,54300.0,True
1887,JDC CORPORATION,1800600.0,45100.0,True
1888,WAKACHIKU CONSTRUC,174400.0,4400.0,True
1893,PENTA OCEAN CONST,8334300.0,208700.0,True
1898,SEIKITOKYU KOGYO,922800.0,23100.0,True
1899,FUKUDA CORP,523800.0,13100.0,True
1911,SUMITOMO FORESTRY,15251700.0,381900.0,True
1925,DAIWA HOUSE INDS,16263200.0,407300.0,True
1926,RAITO KOGYO CO LTD,1059600.0,26500.0,True
1928,SEKISUI HOUSE,17520500.0,438700.0,True
1929,NITTOC CONSTRUCT,561900.0,14100.0,True
1930,HOKURIKU ELEC CONS,335800.0,8400.0,True
1934,YURTEC CORPORATION,1240700.0,31100.0,True
1938,NIPPON RIETEC CO,450400.0,11300.0,True
1939,YONDENKO CORP,737900.0,18500.0,True
1941,CHUDENKO CORP,781900.0,19600.0,True
1942,KANDENKO CO LTD,3221100.0,80700.0,True
1944,KINDEN CORP,3358000.0,84100.0,True
1945,TOKYO ENERGY & SYS,521300.0,13100.0,True
1946,TOENEC CORP,1137400.0,28500.0,True
1950,NIPPON DENSETSU,1103500.0,27600.0,True
1951,EXEO GROUP INC,5530900.0,138500.0,True
1952,SHIN NIPPON AIR,762000.0,19100.0,True
1959,KRAFTIA CORP,1270700.0,31800.0,True
1961,SANKI ENGINEERING,3608400.0,90400.0,True
1963,JGC HLDGS CORP,6023400.0,150800.0,True
1964,CHUGAI RO CO LTD,157400.0,3900.0,True
1968,TAIHEI DENGYO,1169100.0,29300.0,True
1969,TAKASAGO THML ENG,3148800.0,78900.0,True
1975,ASAHI KOGYOSHA CO,609800.0,15300.0,True
1976,MEISEI INDUSTRIAL,988400.0,24800.0,True
1979,TAIKISHA LTD,1422500.0,35600.0,True
1980,DAI-DAN CO LTD,3399900.0,85100.0,True
1982,HIBIYA ENGINEERING,789000.0,19800.0,True
2001,NIPPN CORPORATION,2089100.0,52300.0,True
2002,NISSHIN SEIFUN GRP,5691200.0,142500.0,True
2003,NITTO FUJI FLOUR M,420800.0,10500.0,True
2004,SHOWA SANGYO CO,499200.0,12500.0,True
2053,CHUBU SHIRYO CO,748900.0,18800.0,True
2060,FEED ONE CO LTD,776200.0,19400.0,True
2108,NIPPON BEET SUGAR,252100.0,6300.0,True
2109,MITSUI DM SUGAR,493700.0,12400.0,True
2117,WELLNEO SUGAR CO,330800.0,8300.0,True
2120,LIFULL CO LTD,2111700.0,52900.0,True
2121,MIXI. INC,1075400.0,26900.0,True
2124,JAC RECRUITMENT CO,2226600.0,55800.0,True
2127,NIHON M&A CENTER H,9818100.0,245900.0,True
212A,FIT EASY INC,299500.0,7500.0,True
2130,MEMBERS CO LTD,210600.0,5300.0,True
2146,UT GROUP CO LTD,12137100.0,303900.0,True
2148,ITMEDIA INC.,331600.0,8300.0,True
2153,E J HOLDINGS INC,453200.0,11300.0,True
2154,OPEN UP GROUP INC,1832200.0,45900.0,True
2157,KOSHIDAKA HLDG CO,1738000.0,43500.0,True
2168,PASONA GROUP INC,630700.0,15800.0,True
2170,LINK AND MOTIVATIO,1989300.0,49800.0,True
2175,SMS CO LTD,2355200.0,59000.0,True
2181,PERSOL HOLDINGS CO,56178200.0,1406800.0,True
2193,COOKPAD INC.,1060000.0,26500.0,True
2201,MORINAGA & CO,2316200.0,58000.0,True
2204,NAKAMURAYA CO LTD,147400.0,3700.0,True
2206,EZAKI GLICO CO,1688200.0,42300.0,True
2207,MEITO CO LTD,252100.0,6300.0,True
2209,IMURAYA GROUP CO,322700.0,8100.0,True
2211,FUJIYA CO LTD,404700.0,10100.0,True
2212,YAMAZAKI BAKING,3950100.0,98900.0,True
2217,MOROZOFF LIMITED,553200.0,13900.0,True
2220,KAMEDA SEIKA CO,1125600.0,28200.0,True
2222,KOTOBUKI SPIRITS,3140200.0,78600.0,True
2229,CALBEE INC,2701800.0,67700.0,True
2264,MORINAGA MILK IND,8499600.0,212800.0,True
2266,ROKKO BUTTER CO,480800.0,12000.0,True
2267,YAKULT HONSHA CO,7464800.0,186900.0,True
2269,MEIJI HOLDINGS CO,8223200.0,205900.0,True
2270,MEGMILK SNOW BRAND,1430900.0,35800.0,True
2281,PRIMA MEAT PACKERS,792800.0,19900.0,True
2282,NH FOODS LTD,2112500.0,52900.0,True
2288,MARUDAI FOOD CO,594100.0,14900.0,True
2292,S FOODS INC,651000.0,16300.0,True
2294,KAKIYASU HONTEN,230200.0,5800.0,True
2296,ITOHAM YONEKYU HLD,1030600.0,25800.0,True
2301,GAKUJO CO LTD,279200.0,7000.0,True
2305,STUDIO ALICE,308200.0,7700.0,True
2307,CROSS CAT CO LTD,343100.0,8600.0,True
2317,SYSTENA CORP,8591500.0,215100.0,True
2325,NJS CO. LTD,157700.0,3900.0,True
2326,DIGITAL ARTS INC,316800.0,7900.0,True
2327,NS SOLUTIONS CORP,1640800.0,41100.0,True
2331,ALSOK CO LTD,10292500.0,257700.0,True
2335,CUBE SYSTEM INC,353000.0,8800.0,True
2337,ICHIGO INC,4669100.0,116900.0,True
2353,NIPPON PARKING DEV,7028400.0,176000.0,True
2359,CORE CORPORATION,266200.0,6700.0,True
2371,KAKAKU.COM. INC,3998800.0,97400.0,True
2378,RENAISSANCE INC,479200.0,12000.0,True
2379,DIP CORPORATION,1078500.0,27000.0,True
2384,SBS HOLDINGS INC,534200.0,13400.0,True
2395,SHIN NIPPON BIOMED,653200.0,16400.0,True
2413,M3 INC,12178100.0,305000.0,True
2429,WORLD HOLDINGS CO,282800.0,7100.0,True
2432,DENA CO LTD,2464100.0,61700.0,True
2433,HAKUHODO DY HLDGS,7341200.0,183800.0,True
2440,GURUNAVI INC,1147900.0,28700.0,True
2445,TAKAMIYA CO LTD,835400.0,20900.0,True
2461,FAN COMMUNICATIONS,891900.0,22300.0,True
2462,LIKE CO LTD,321100.0,8000.0,True
2471,S-POOL INC,1771000.0,44300.0,True
2475,WDB HOLDINGS,270000.0,6800.0,True
2477,TEMAIRAZU INC,72600.0,1800.0,True
2489,ADWAYS INC,753300.0,18900.0,True
2491,VALUECOMMERCE CO.L,849900.0,21300.0,True
2492,INFOMART CORPORATI,5396600.0,135100.0,True
2501,SAPPORO BREWERIES,9713900.0,243300.0,True
2502,ASAHI GROUP HLDGS,44321400.0,1109900.0,True
2503,KIRIN HOLDINGS CO,25606900.0,641200.0,True
250A,SHIMADAYA CORPORAT,272800.0,6800.0,True
2531,TAKARA HOLDINGS,4863500.0,121800.0,True
2533,OENON HOLDINGS INC,1764100.0,44200.0,True
256A,TOBISHIMA HOLDINGS,603600.0,15100.0,True
2579,COCA-COLA BOTTLERS,3839000.0,96100.0,True
2585,LIFEDRINK CO INC,1055800.0,26400.0,True
2587,SUNTORY BEVERAGE &,4848400.0,121400.0,True
2590,DYDO GROUP HOLDING,668500.0,16700.0,True
2593,ITO EN LTD,1910000.0,47800.0,True
2594,KEY COFFEE INC,661100.0,16600.0,True
2602,NISSHIN OILLIO GP,2349500.0,58800.0,True
2607,FUJI OIL CO LTD,1177700.0,29500.0,True
2613,J-OIL MILLS INC,676000.0,16900.0,True
262A,INTERMESTIC INC,343700.0,8600.0,True
2659,SAN-A CO LTD,1433700.0,35900.0,True
2664,CAWACHI LIMITED,495900.0,12400.0,True
2670,ABC-MART INC,3330200.0,83400.0,True
2674,HARD OFF CORP,250400.0,6300.0,True
2676,TAKACHIHO KOHEKI,501600.0,12600.0,True
2678,ASKUL CORP,1207400.0,30200.0,True
2681,GEO HOLDINGS CORP,713400.0,17900.0,True
2685,AND ST HD CO LTD,875100.0,21900.0,True
268A,RIGAKU HOLDINGS CO,3554100.0,89000.0,True
2695,KURA SUSHI INC,1670300.0,41800.0,True
2698,CAN DO CO LTD,225500.0,5600.0,True
2726,PAL GROUP HOLDINGS,2489200.0,62300.0,True
2730,EDION CORP,3012800.0,75400.0,True
2733,ARATA CORPORATION,969900.0,24300.0,True
2734,SALA CORPORATION,1332300.0,33400.0,True
2737,TOMEN DEVICES CORP,91600.0,2300.0,True
2742,HALOWS CO LTD,289100.0,7200.0,True
2749,JP-HOLDINGS INC,1575300.0,39400.0,True
2752,FUJIO FOOD GROUP I,1149900.0,28800.0,True
2753,AMIYAKI TEI CO LTD,460500.0,11500.0,True
2760,TOKYO ELECTRON DEV,632200.0,15800.0,True
2767,TSUBURAYA FIELDS H,1173300.0,29400.0,True
2768,SOJITZ CORPORATION,6119300.0,153200.0,True
277A,GLOBE-ING INC,193200.0,4800.0,True
2784,ALFRESA HOLDINGS,6003200.0,150300.0,True
2791,DAIKOKUTENBUSSAN C,227500.0,5700.0,True
2792,HONEYS HOLDINGS CO,562800.0,14100.0,True
2801,KIKKOMAN CORP,19556500.0,489700.0,True
2802,AJINOMOTO CO INC,28490700.0,713500.0,True
2804,BULL DOG SAUCE CO,296200.0,7400.0,True
2809,KEWPIE CORP,3171700.0,79400.0,True
2810,HOUSE FOODS GP INC,2064400.0,51700.0,True
2811,KAGOME CO LTD,3064100.0,76700.0,True
2815,ARIAKE JAPAN CO,661900.0,16600.0,True
2819,EBARA FOODS INDUST,149300.0,3700.0,True
285A,KIOXIA HLDGS CORP,3688100.0,92400.0,True
2871,NICHIREI CORP,5184200.0,129800.0,True
2874,YOKOREI CO LTD,1460200.0,36600.0,True
2875,TOYO SUISAN KAISHA,2733900.0,68500.0,True
2882,EAT&HOLDINGS CO LT,280300.0,7000.0,True
2884,YOSHIMURA FOOD HOL,431900.0,10800.0,True
2897,NISSIN FOODS HLDG,6670300.0,167000.0,True
2908,FUJICCO CO LTD,673600.0,16900.0,True
2910,ROCK FIELD CO LTD,660500.0,16500.0,True
2914,JAPAN TOBACCO INC,35864000.0,898100.0,True
2915,KENKO MAYONNAISE,369300.0,9200.0,True
2918,WARABEYA NICHIYO H,395100.0,9900.0,True
2922,NATORI CO LTD,370600.0,9300.0,True
2929,PHARMA FOODS INTER,717000.0,18000.0,True
2930,KITANOTATSUJIN COR,2529700.0,63300.0,True
2931,EUGLENA CO LTD,4378300.0,109600.0,True
2933,KIBUN FOODS INC,511700.0,12800.0,True
2935,PICKLES HOLDINGS C,345900.0,8700.0,True
2975,STAR MICA HLDGS CO,605600.0,15200.0,True
2980,SRE HLDGS CORP,291600.0,7300.0,True
3001,KATAKURA INDS,710400.0,17800.0,True
3002,GUNZE LTD,849600.0,21300.0,True
3003,HULIC CO LTD,17212600.0,431000.0,True
3023,RASA CORPORATION,331700.0,8300.0,True
3028,ALPEN CO LTD,610300.0,15300.0,True
3031,RACCOON HOLDINGS I,476600.0,11900.0,True
3034,QOL HOLDINGS CO LT,784800.0,19700.0,True
3036,ALCONIX CORPORATIO,977100.0,24500.0,True
3038,KOBE BUSSAN CO LTD,4906200.0,122900.0,True
3040,SOLITON SYSTEMS K.,309700.0,7800.0,True
3046,JINS HOLDINGS INC,483800.0,12100.0,True
3048,BIC CAMERA INC.,3795600.0,95000.0,True
3050,DCM HOLDINGS CO,3283800.0,82200.0,True
3053,PEPPER FOOD SERVIC,2202900.0,55200.0,True
3064,MONOTARO CO.LTD,8897100.0,222800.0,True
3076,AI HOLDINGS CORPOR,1268500.0,31800.0,True
3086,J FRONT RETAILING,7277700.0,182200.0,True
3087,DOUTOR NICHIRES HO,1124600.0,28200.0,True
3088,MATSUKIYOCOCOKARA,10911400.0,273200.0,True
3091,BRONCO BILLY CO LT,743600.0,18600.0,True
3092,ZOZO INC,9997400.0,250400.0,True
3093,TREASURE FACTORY C,436600.0,10900.0,True
3097,MONOGATARI CORPORA,1230200.0,30800.0,True
3099,ISETAN MITSUKOSHI,9883700.0,247500.0,True
3101,TOYOBO CO,2594800.0,65000.0,True
3103,UNITIKA LTD,2071200.0,51900.0,True
3104,FUJIBO HOLDINGS,839800.0,21000.0,True
3105,NISSHINBO HOLDINGS,4935100.0,123600.0,True
3106,KURABO INDUSTRIES,419200.0,10500.0,True
3107,DAIWABO HOLDINGS,2379900.0,59600.0,True
3109,SHIKIBO LTD,402100.0,10100.0,True
3110,NITTO BOSEKI CO,3805000.0,95300.0,True
3116,TOYOTA BOSHOKU CP,2944600.0,73700.0,True
3132,MACNICA HLDGS INC,4415300.0,110600.0,True
3134,HAMEE CORP,292900.0,7300.0,True
3139,LACTO JAPAN CO.LTD,270500.0,6800.0,True
3148,CREATE SD HOLDINGS,898700.0,22500.0,True
3150,GREMS INC,213700.0,5400.0,True
3151,VITAL KSK HOLDINGS,872600.0,21900.0,True
3153,YASHIMA DENKI CO L,476000.0,11900.0,True
3154,MEDIUS HLDG CO LTD,411300.0,10300.0,True
3156,RESTAR CORPORATION,539300.0,13500.0,True
3167,TOKAI HLDGS CORP,3398800.0,85100.0,True
3176,SANYO TRADING CO L,1560500.0,39100.0,True
3179,SYUPPIN CO LTD,670100.0,16800.0,True
3180,BEAUTY GARAGE INC,200100.0,5000.0,True
3182,OISIX INC,910800.0,22800.0,True
3183,WIN-PARTNERS CO LT,461500.0,11600.0,True
3186,NEXTAGE CO LTD,1632100.0,40900.0,True
3191,JOYFUL HONDA CO LT,1858700.0,46500.0,True
3193,ETERNAL HOSP GP,521000.0,13000.0,True
3196,HOTLAND HLDGS CO,649100.0,16300.0,True
3197,SKYLARK HOLDINGS C,8669100.0,217100.0,True
3199,WATAHAN CO LTD,492100.0,12300.0,True
3201,JAPAN WOOL TEXTILE,1665000.0,41700.0,True
3221,YOSSIX HOLDINGS CO,185800.0,4700.0,True
3222,UNITED SUPER MARKE,3124300.0,78200.0,True
3231,NOMURA RL EST INC,16460500.0,412200.0,True
3232,MIE KOTSU GP HLDG,1443100.0,36100.0,True
3245,DEAR LIFE CO.LTD,1157200.0,29000.0,True
3252,JINUSHI CO LTD,531800.0,13300.0,True
3267,PHIL COMPANY LTD,115900.0,2900.0,True
3276,JAPAN PROPERTY MAN,317900.0,7700.0,True
3284,HOOSIERS HLDGS CO,1029800.0,25800.0,True
3288,OPEN HOUSE GROUP C,1832200.0,45900.0,True
3289,TOKYU FUDOSAN HLDG,16135000.0,404000.0,True
3291,IIDA GROUP HOLDING,5027800.0,125900.0,True
3302,TEIKOKU SEN-I CO,556500.0,13900.0,True
3315,NIPPON COKE & ENGI,6099400.0,152700.0,True
3333,ASAHI CO LTD,529400.0,13300.0,True
3349,COSMOS PHARMACEUTI,1076000.0,26900.0,True
3360,SHIP HEALTH CARE H,2326300.0,58300.0,True
3371,SOFTCREATE HLDGS C,494000.0,12400.0,True
3382,SEVEN & I HOLDINGS,62410200.0,1562900.0,True
3387,CREATE RESTAURANTS,10685800.0,267600.0,True
3388,MEIJI ELECTRIC IND,314800.0,7900.0,True
3391,TSURUHA HOLDINGS I,9917100.0,248300.0,True
3395,SAINT MARC HOLDING,565600.0,14200.0,True
3397,TORIDOLL HLDGS COR,1790400.0,44800.0,True
3401,TEIJIN LTD,5324600.0,133300.0,True
3402,TORAY INDS INC,40467500.0,1013400.0,True
3405,KURARAY CO,8126800.0,203500.0,True
3407,ASAHI KASEI CORP,39797300.0,996600.0,True
3415,TOKYO BASE CO LTD,886900.0,22200.0,True
3421,INABA SEISAKUSHO,305200.0,7600.0,True
3431,MIYAJI ENGINEERING,806500.0,20200.0,True
3433,TOCALO CO LTD,1783300.0,44700.0,True
3436,SUMCO CORPORATION,11773700.0,294800.0,True
3443,KAWADA TECHNOLOGIE,1410300.0,35300.0,True
3445,RS TECHNOLOGIES CO,417400.0,10500.0,True
3457,&DO HOLDINGS CO LT,313300.0,7800.0,True
3465,KI-STAR REAL ESTAT,498000.0,12500.0,True
3475,GOOD COM ASSET CO,547700.0,13700.0,True
3482,LOADSTAR CAPITAL K,480700.0,12000.0,True
3496,AZOOM CO LTD,138300.0,3500.0,True
3498,KASUMIGASEKI CAPIT,606600.0,15200.0,True
3539,JM HOLDINGS CO LTD,1028000.0,25700.0,True
3543,KOMEDA HOLDINGS CO,1555800.0,39000.0,True
3547,UNISIA HOLDINGS CO,173600.0,4300.0,True
3548,BAROQUE JAPAN LTD,739900.0,18500.0,True
3549,KUSURI NO AOKI HLD,1500300.0,37600.0,True
3561,CHIKARANOMOTO HOLD,475700.0,11900.0,True
3563,FOOD & LIFE COMPAN,7284700.0,182400.0,True
3565,ASCENTECH K K,784300.0,19600.0,True
3569,SEIREN CO LTD,1303900.0,32700.0,True
3580,KOMATSU MATERE CO,791600.0,19800.0,True
3591,WACOAL HOLDINGS,1176800.0,29500.0,True
3608,TSI HOLDINGS CO LT,1564200.0,39200.0,True
3612,WORLD CO LTD,1982800.0,49700.0,True
3626,TISI INC,6143500.0,153800.0,True
3632,GREE HOLDINGS INC,2014500.0,50400.0,True
3633,GMO PEPABO INC,73500.0,1800.0,True
3635,KOEI TECMO HOLDING,3766800.0,94300.0,True
3636,MITSUBISHI RESEARC,323700.0,8100.0,True
3649,FINDEX INC,417600.0,10500.0,True
3656,KLAB INC,2066000.0,51700.0,True
3657,POLE TO WIN HOLDIN,855300.0,21400.0,True
3659,NEXON CO LTD,12451200.0,311800.0,True
3660,ISTYLE INC,2301200.0,57600.0,True
3661,M UP HOLDINGS INC,1472500.0,36900.0,True
3662,ATEAM HOLDINGS CO,421700.0,10600.0,True
3663,CELSYS INC,779400.0,19500.0,True
3665,ENIGMO INC,669100.0,16800.0,True
3668,COLOPL INC,2045200.0,51200.0,True
3673,BROADLEAF CO LTD,3949800.0,98900.0,True
3676,DIGITAL HEARTS HOL,374900.0,9100.0,True
3678,MEDIA DO CO LTD,204500.0,5100.0,True
3679,ZIGEXN CO LTD,1726000.0,43200.0,True
3687,FIXSTARS CORP,829300.0,20800.0,True
368A,KITAZATO CORPORATI,627700.0,15700.0,True
3694,OPTIM CORPORATION,612000.0,15300.0,True
3696,CERES INC.,273300.0,6800.0,True
3697,SHIFT INC,5996000.0,150200.0,True
3708,TOKUSHU TOKAI PAPE,1049200.0,26300.0,True
3741,SYSTEMS ENG CONSUL,183600.0,4600.0,True
3762,TECHMATRIX CORP,1197500.0,30000.0,True
3763,PRO-SHIP INC,483300.0,12100.0,True
3765,GUNGHO ONLINE ENTE,1191600.0,29800.0,True
3769,GMO PAYMENT GATEWA,1372800.0,34400.0,True
3771,SYSTEM RESEARCH CO,449700.0,11300.0,True
3774,INTERNET INITIATIV,3290100.0,82400.0,True
3778,SAKURA INTERNET,845100.0,21200.0,True
3788,GMO GLOBALSIGN HOL,183500.0,4600.0,True
3817,SRA HOLDINGS INC,341600.0,8600.0,True
3834,ASAHI NET INC,645600.0,16200.0,True
3835,EBASE CO LTD,740100.0,18500.0,True
3836,AVANT GROUP CORP,636800.0,15900.0,True
3837,AD-SOL NISSIN CORP,465100.0,11600.0,True
3843,FREEBIT CO.LTD,314900.0,7900.0,True
3844,COMTURE CORPORATIO,795000.0,19900.0,True
3853,ASTERIA CORPORATIO,470500.0,11800.0,True
3854,I'LL INC,392900.0,9800.0,True
3861,OJI HLDGS CORP,20495800.0,513300.0,True
3863,NIPPON PAPER INDUS,3387600.0,84800.0,True
3865,HOKUETSU CORPORATI,2923900.0,73200.0,True
3880,DAIO PAPER CORP,3030800.0,75900.0,True
3901,MARKLINES CO LTD,355800.0,8900.0,True
3903,GUMI INC,1087400.0,27200.0,True
3915,TERRASKY CO LTD,202700.0,5100.0,True
3916,DIGITAL INFORMATIO,625500.0,15700.0,True
3921,NEO JAPAN INC,157900.0,4000.0,True
3922,PR TIMES CORP,121600.0,3000.0,True
3923,RAKUS CO LTD,5560600.0,139200.0,True
3925,DOUBLE STANDARD IN,213100.0,5300.0,True
3926,OPEN DOOR INC,350300.0,8800.0,True
3932,AKATSUKI INC,293000.0,7300.0,True
3937,UBICOM HOLDINGS I,192200.0,4800.0,True
3939,KANAMIC NETWORK CO,755200.0,18900.0,True
3941,RENGO CO,6075700.0,152100.0,True
3946,TOMOKU CO LTD,346800.0,8700.0,True
3950,PACK CORP (THE),1338200.0,33500.0,True
3962,CHANGE HLDGS INC,1158800.0,29000.0,True
3964,AUCNET INC,1291800.0,32300.0,True
3983,ORO CO LTD,209800.0,5300.0,True
3984,USER LOCAL INC,253800.0,6400.0,True
3993,PKSHA TECHNOLOGY I,644500.0,16100.0,True
3994,MONEY FORWARD INC,1498300.0,37500.0,True
4004,RESONAC HOLDINGS C,5570100.0,139500.0,True
4005,SUMITOMO CHEM CO,48309200.0,1209700.0,True
4008,SUMITOMO SEIKA,1159800.0,29000.0,True
4021,NISSAN CHEMICAL CO,3021600.0,75700.0,True
4022,RASA INDUSTRIES,979400.0,24500.0,True
4023,KUREHA CORPORATION,721600.0,18100.0,True
4025,TAKI CHEMICAL CO,254600.0,6400.0,True
4027,TAYCA CORP,411000.0,10300.0,True
4028,ISHIHARA SANGYO,995700.0,24900.0,True
4041,NIPPON SODA CO LTD,1239400.0,31000.0,True
4042,TOSOH CORP,8744000.0,219000.0,True
4043,TOKUYAMA CORP,2100600.0,52600.0,True
4044,CENTRAL GLASS CO,757600.0,19000.0,True
4045,TOAGOSEI CO LTD,2662900.0,66700.0,True
4046,OSAKA SODA CO LTD,2097200.0,52500.0,True
4047,KANTO DENKA KOGYO,1160900.0,29100.0,True
4051,GMO FINANCIAL GATE,112200.0,2800.0,True
4053,SUN INC,538700.0,13500.0,True
4061,DENKA COMPANY LTD,2382000.0,59600.0,True
4062,IBIDEN CO LTD,7627500.0,191000.0,True
4063,SHIN-ETSU CHEMICAL,53392400.0,1337000.0,True
4064,NIPPON CARBIDE IND,295700.0,7400.0,True
4071,PLUS ALPHA CONSULT,855400.0,21400.0,True
4072,DENSAN SYS HLD CO,290600.0,7300.0,True
4078,SAKAI CHEMICAL IND,510500.0,12800.0,True
4082,DAIICHI KIGENSO KA,601900.0,15100.0,True
4091,NIPPON SANSO HOLDI,6795400.0,170200.0,True
4092,NIPPON CHEM INDL,240000.0,6000.0,True
4095,NIHON PARKERIZING,2972300.0,74400.0,True
4097,KOATSU GAS KOGYO,872000.0,21800.0,True
4099,SHIKOKU KASEI HOLD,1206900.0,30200.0,True
409A,ORION BREWERIES LT,1342800.0,33600.0,True
4100,TODA KOGYO CORP,136700.0,3400.0,True
4109,STELLA CHEMIFA,319900.0,8000.0,True
4112,HODOGAYA CHEMICAL,377200.0,9400.0,True
4114,NIPPON SHOKUBAI CO,3698500.0,92600.0,True
4116,DAINICHISEIKA C&C,1624000.0,40700.0,True
4118,KANEKA CORP,1412400.0,35400.0,True
4151,KYOWA KIRIN CO LTD,7069300.0,177000.0,True
417A,BLUE ZONES HOLDING,3756200.0,94100.0,True
4180,APPIER GROUP INC,2533800.0,63400.0,True
4182,MITSUBISHI GAS CHM,4270500.0,106900.0,True
4183,MITSUI CHEMICALS,10804600.0,270600.0,True
4186,TOKYO OHKA KOGYO,2864600.0,71700.0,True
4187,OSAKA ORGANIC CHEM,502300.0,12600.0,True
4188,MITSUBISHI CHEM GP,42003600.0,1051800.0,True
4189,KH NEOCHEM CO LTD,1082600.0,27100.0,True
4194,VISIONAL INC,816800.0,20500.0,True
4202,DAICEL CORPORATION,6315600.0,158200.0,True
4203,SUMITOMO BAKELITE,1978100.0,49500.0,True
4204,SEKISUI CHEMICAL,11816300.0,295900.0,True
4205,ZEON CORPORATION,4221300.0,105700.0,True
4206,AICA KOGYO CO,1515000.0,37900.0,True
4208,UBE CORPORATION,3094600.0,77500.0,True
4212,SEKISUI JUSHI CORP,713100.0,17900.0,True
4216,ASAHI YUKIZAI CORP,399400.0,10000.0,True
4218,NICHIBAN CO LTD,371900.0,9300.0,True
4220,RIKEN TECHNOS CORP,1034400.0,25900.0,True
4221,OKURA INDUSTRIAL,306100.0,7700.0,True
4228,SEKISUI KASEI CO L,947900.0,23700.0,True
4229,GUN EI CHEM IND,141200.0,3500.0,True
4246,DAIKYONISHIKAWA CO,1273100.0,31900.0,True
4249,MORIROKU CO LTD,323000.0,8100.0,True
4251,KEIWA INCORPORATED,389000.0,9700.0,True
4272,NIPPON KAYAKU CO,3999700.0,100200.0,True
4275,CARLIT CO LTD,514200.0,12900.0,True
4286,CL HOLDINGS INC,181300.0,4500.0,True
4290,PRESTIGE INTERNATI,2280300.0,57100.0,True
4299,HIMACS LTD,166400.0,4200.0,True
429A,TEKSCEND PHOTOMASK,2227500.0,55800.0,True
4301,AMUSE INC,317200.0,7900.0,True
4307,NOMURA RESEARCH IN,11321300.0,283500.0,True
4310,DREAM INCUBATOR IN,192300.0,4800.0,True
4318,QUICK CO LTD,1521100.0,38100.0,True
4323,JAPAN SYSTEM TECHN,556700.0,13900.0,True
4324,DENTSU GROUP INC,7149500.0,179000.0,True
4326,INTAGE HOLDINGS IN,453100.0,11300.0,True
4331,TAKE & GIVE NEEDS,295000.0,7400.0,True
4337,PIA CORPORATION,280900.0,7000.0,True
4343,AEON FANTASY CO,266300.0,6700.0,True
4344,SOURCENEXT CORP,3430100.0,85900.0,True
4345,CTS CO LTD,753200.0,18900.0,True
4350,MEDICAL SYSTEM NET,618300.0,15500.0,True
4362,NIPPON FINE CHEM,373800.0,9400.0,True
4368,FUSO CHEMICAL CO,1910300.0,47800.0,True
4369,TRI CHEMICAL LABOR,728500.0,18200.0,True
4373,SIMPLEX HLDGS INC,4788400.0,119900.0,True
4382,HEROZ INC,238600.0,6000.0,True
4385,MERCARI INC,2588400.0,64800.0,True
4390,IPS INC,176200.0,4400.0,True
4396,SYSTEM SUPPORT HLD,512900.0,12800.0,True
4401,ADEKA CORPORATION,2218000.0,55500.0,True
4403,NOF CORP,6892200.0,172600.0,True
4410,HARIMA CHEMS GROUP,467700.0,11700.0,True
4413,BAUDROIE INC,432600.0,10500.0,True
441A,NE INC,587100.0,14700.0,True
4420,ESOL CO LTD,448300.0,11200.0,True
4432,WINGARC1ST INC,628600.0,15700.0,True
4433,HITO-COMMUNIC.HLDG,200800.0,5000.0,True
4434,SERVERWORKS CO LTD,124700.0,3100.0,True
4443,SANSAN INC,1990100.0,49800.0,True
4452,KAO CORP,28468800.0,712900.0,True
4461,DKS CO. LTD.,239500.0,6000.0,True
4462,ISHIHARA CHEMICAL,255000.0,6400.0,True
4471,SANYO CHEMICAL IND,369300.0,9200.0,True
4480,MEDLEY INC,733900.0,18400.0,True
4481,BASE CO LTD,253300.0,6300.0,True
4483,JMDC INC,880200.0,22000.0,True
4502,TAKEDA PHARMACEUTI,53507700.0,1339900.0,True
4503,ASTELLAS PHARMA,52732600.0,1320500.0,True
4506,SUMITOMO PHARMA CO,6041300.0,151300.0,True
4507,SHIONOGI & CO,21935200.0,549300.0,True
4516,NIPPON SHINYAKU CO,1574700.0,39400.0,True
4519,CHUGAI PHARM CO,18818000.0,471200.0,True
4521,KAKEN PHARM,890500.0,22300.0,True
4523,EISAI CO LTD,7844800.0,196400.0,True
4526,RIKEN VITAMIN CO,516200.0,12900.0,True
4527,ROHTO PHARM,6352700.0,159100.0,True
4528,ONO PHARMACEUTICAL,13413800.0,335900.0,True
4534,MOCHIDA PHARM CO,734200.0,18400.0,True
4536,SANTEN PHARM CO,10113800.0,253300.0,True
4538,FUSO PHARM,233000.0,5800.0,True
4540,TSUMURA & CO,2064600.0,51700.0,True
4543,TERUMO CORP,39824000.0,997300.0,True
4544,H.U. GROUP HLDGS I,1933100.0,48400.0,True
4547,KISSEI PHARM CO,938900.0,23500.0,True
4548,SEIKAGAKU CORP,1018800.0,25500.0,True
4549,EIKEN CHEMICAL CO,851700.0,21300.0,True
4552,JCR PHARMACEUTICAL,2616200.0,65500.0,True
4553,TOWA PHARM CO LTD,808300.0,20200.0,True
4554,FUJI PHARMA CO LTD,475900.0,11900.0,True
4559,ZERIA PHARMACEUTIC,786400.0,19700.0,True
4565,NXERA PHARMA CO LT,2906300.0,72800.0,True
4568,DAIICHI SANKYO COM,54283700.0,1359400.0,True
4569,KYORIN PHARMACEUTI,1209300.0,30300.0,True
4574,TAIKO PHARMACEUTIC,1362000.0,34100.0,True
4577,DAITO PHARM,711500.0,17800.0,True
4578,OTSUKA HLDGS CO,14605300.0,365700.0,True
4587,PEPTIDREAM INC,3205600.0,80300.0,True
4611,DAI NIPPON TORYO,666000.0,16700.0,True
4612,NIPPON PAINT HLDGS,31881000.0,798400.0,True
4613,KANSAI PAINT CO,4787200.0,119900.0,True
4617,CHUGOKU MAR PAINTS,1232800.0,30900.0,True
4620,FUJIKURA KASEI CO,691500.0,17300.0,True
4626,TAIYO HLDG CO LTD,2880900.0,69800.0,True
4631,DIC CORPORATION,2346200.0,58800.0,True
4633,SAKATA INX CORP,1344900.0,33700.0,True
4634,ARTIENCE CO LTD,1014500.0,25400.0,True
4641,ALTECH CORPORATION,1674100.0,41900.0,True
4651,SANIX HOLDINGS INC,767600.0,19200.0,True
4658,NIPPON AIR CONDITI,661700.0,16600.0,True
4661,ORIENTAL LAND CO,36321400.0,909500.0,True
4662,FOCUS SYSTEMS CORP,401800.0,10100.0,True
4665,DUSKIN CO.LTD,1398700.0,35000.0,True
4666,PARK 24 CO LTD,4217400.0,105600.0,True
4668,MEIKO NETWORK JPN,751900.0,18800.0,True
4671,FALCO HOLDINGS CO,239400.0,6000.0,True
4674,CRESCO LTD,1035600.0,25900.0,True
4676,FUJI MEDIA HOLDING,4724200.0,118300.0,True
4680,ROUND ONE CORP,5833400.0,146100.0,True
4681,RESORTTRUST INC,5838000.0,146200.0,True
4684,OBIC CO LTD,11028200.0,276200.0,True
4686,JUSTSYSTEMS CORP,863800.0,21600.0,True
4687,TDC SOFT INC,1110200.0,27800.0,True
4689,LY CORPORATION,92611900.0,2319200.0,True
4694,BML INC,822100.0,20600.0,True
4704,TREND MICRO INC,3158300.0,79100.0,True
4709,ID HOLDINGS CORPOR,772400.0,19300.0,True
4714,RISO KYOIKU GP COR,1925500.0,48200.0,True
4716,ORACLE CORP JAPAN,1150500.0,28800.0,True
4718,WASEDA ACADEMY,298400.0,7500.0,True
4719,ALPHA SYSTEMS INC,189000.0,4700.0,True
471A,NS GP INC,1052300.0,26300.0,True
4722,FUTURE CORPORATION,1495700.0,31200.0,True
4725,CAC HOLDINGS CORP,414500.0,10400.0,True
4732,USS CO LTD,11687200.0,292700.0,True
4733,OBIC BUSINESS CONS,1014100.0,25400.0,True
4743,ITFOR INC,625700.0,15700.0,True
4746,TOUKEI COMPUTER,209600.0,5200.0,True
4751,CYBER AGENT,13640100.0,341600.0,True
4755,RAKUTEN GROUP INC,48909300.0,1224800.0,True
4763,CREEK & RIVER,361000.0,9000.0,True
4765,SBI GLOBAL ASSET M,1153800.0,28900.0,True
4767,TOW CO LTD,1207400.0,30200.0,True
4768,OTSUKA CORP,6814200.0,170600.0,True
4776,CYBOZU INC,827800.0,20700.0,True
4784,GMO INTERNET INC,2731900.0,68400.0,True
4792,YAMADA CONSULTING,267800.0,6700.0,True
4801,CENTRAL SPORTS,257200.0,6400.0,True
4809,PARACA INC,210600.0,5300.0,True
4812,DENTSU SOKEN INC,2629900.0,65700.0,True
4819,DIGITAL GARAGE,858800.0,21500.0,True
4820,EM SYSTEMS CO LTD,948400.0,23700.0,True
4825,WEATHERNEWS INC,849500.0,21300.0,True
4826,COMPUTER INSTITUTE,1452500.0,36400.0,True
4828,BUSINESS ENGINEERI,706100.0,17700.0,True
4839,WOWOW INC,452600.0,11300.0,True
4845,SCALA INC,557600.0,14000.0,True
4848,FULLCAST HOLDINGS,552500.0,13800.0,True
4849,EN INC,1003100.0,25100.0,True
4880,CELLSOURCE CO LTD,356000.0,8900.0,True
4886,ASKA PHARMACEUTICA,580300.0,14500.0,True
4887,SAWAI GROUP HOLDIN,3110700.0,77900.0,True
4901,FUJIFILM HOLDINGS,35962500.0,900600.0,True
4902,KONICA MINOLTA INC,13520600.0,338600.0,True
4911,SHISEIDO CO LTD,13449000.0,336800.0,True
4912,LION CORP,7525600.0,188500.0,True
4914,TAKASAGO INTL CORP,2258600.0,56600.0,True
4919,MILBON CO LTD,941400.0,23600.0,True
4922,KOSE HLDGS CORP,1222400.0,30600.0,True
4923,COTA CO LTD,653100.0,16400.0,True
4927,POLA ORBIS HLDG IN,3595300.0,90000.0,True
4928,NOEVIR HLDGS CO,535900.0,13400.0,True
4931,SHINNIHONSEIYAKU C,342900.0,8600.0,True
4933,I-NE CO LTD,319000.0,3900.0,True
4936,AXXZIA INC,324200.0,8100.0,True
4951,S.T.CORPORATION,567100.0,14200.0,True
4956,KONISHI CO LTD,1894000.0,47400.0,True
4958,T.HASEGAWA CO,1148800.0,28800.0,True
4967,KOBAYASHI PHARMACE,1749500.0,43800.0,True
4968,ARAKAWA CHEMICAL,509200.0,12800.0,True
4971,MEC COMPANY LTD,482600.0,12100.0,True
4973,JAPAN PURE CHEM,149600.0,3700.0,True
4975,JCU CORP,646500.0,16200.0,True
4979,OAT AGRIO CO LTD,223400.0,5600.0,True
4980,DEXERIALS CORP,5091900.0,127500.0,True
4985,EARTH CORPORATION,547600.0,13700.0,True
4992,HOKKO CHEMICAL IND,492900.0,12300.0,True
4994,TAISEI LAMICK GP,173800.0,4400.0,True
4996,KUMIAI CHEM IND CO,2686800.0,67300.0,True
4997,NIHON NOHYAKU CO,918600.0,23000.0,True
5011,NICHIREKI GROUP CO,639300.0,16000.0,True
5013,YUSHIRO INC,311600.0,7800.0,True
5016,JX ADVANCED METALS,23578000.0,590400.0,True
5019,IDEMITSU KOSAN CO,24676600.0,617900.0,True
5020,ENEOS HOLDINGS INC,84940900.0,2127100.0,True
5021,COSMO ENERGY HLDGS,3329500.0,83400.0,True
5032,ANYCOLOR INC,958500.0,24000.0,True
5036,JAPAN BUSINESS SYS,650500.0,16300.0,True
5074,TESS HOLDINGS CO L,1583800.0,39700.0,True
5076,INFRONEER HLDGS IN,6160600.0,154300.0,True
5101,YOKOHAMA RUBBER CO,2983800.0,74700.0,True
5105,TOYO TIRE CORPORAT,4145300.0,103800.0,True
5108,BRIDGESTONE CORP,32892600.0,823700.0,True
5110,SUMITOMO RUBBER,5306500.0,132900.0,True
5121,FUJIKURA COMPOSITE,495000.0,12400.0,True
5122,OKAMOTO INDUSTRIES,317400.0,7900.0,True
5142,ACHILLES CORP,326400.0,8200.0,True
5185,FUKOKU CO LTD,285400.0,7100.0,True
5186,NITTA CORP,590500.0,14800.0,True
5192,MITSUBOSHI BELTING,766900.0,19200.0,True
5195,BANDO CHEMICAL IND,892000.0,22300.0,True
5201,AGC INC,6335900.0,158700.0,True
5208,ARISAWA MFG CO LTD,1054600.0,26400.0,True
5214,NIPPON ELEC GLASS,2006700.0,50300.0,True
5218,OHARA INC,285400.0,7100.0,True
5232,SUMITOMO OSAKA CEM,1006400.0,25200.0,True
5233,TAIHEIYO CEMENT,3709000.0,92900.0,True
5262,NIPPON HUME CORP,1052600.0,26400.0,True
5269,NIPPON CONCRETE,1165600.0,29200.0,True
5273,MITANI SEKISAN CO,987900.0,24700.0,True
5288,ASIA PILE HLDG CO,939200.0,23500.0,True
5301,TOKAI CARBON CO,6050500.0,151500.0,True
5302,NIPPON CARBON CO,344800.0,8600.0,True
5310,TOYO TANSO CO LTD,517600.0,13000.0,True
5331,NORITAKE CO LTD,1259900.0,31500.0,True
5332,TOTO LTD,3728900.0,93400.0,True
5333,NGK CORP,6410500.0,160500.0,True
5334,NITERRA CO LTD,4912700.0,123000.0,True
5344,MARUWA CO LTD,249600.0,6300.0,True
5351,SHINAGAWA REFRA CO,739800.0,18500.0,True
5357,YOTAI REFRACTORIES,351400.0,8800.0,True
5384,FUJIMI INC,1795400.0,45000.0,True
5393,NICHIAS CORP,4709000.0,117900.0,True
5401,NIPPON STEEL CORP,168629800.0,4222800.0,True
5406,KOBE STEEL,12437700.0,311500.0,True
5408,NAKAYAMA STEEL WKS,1272500.0,31900.0,True
5410,GODO STEEL LTD,345900.0,8700.0,True
5411,JFE HOLDINGS INC,20066200.0,502500.0,True
5423,TOKYO STEEL MFG,1727000.0,43200.0,True
543A,ARCHION CORP,9013700.0,225700.0,True
5440,KYOEI STEEL LTD,704500.0,17600.0,True
5444,YAMATO KOGYO CO,1111800.0,27800.0,True
5445,TOKYO TEKKO CO LTD,681500.0,17100.0,True
5449,OSAKA STEEL CO LTD,284500.0,7100.0,True
544A,GMS GROUP CO LTD,798800.0,20000.0,True
5451,YODOKO LTD,3502800.0,87700.0,True
545A,TORANVIA CO LTD,355300.0,8900.0,True
5461,CHUBU STEEL PLATE,564900.0,14100.0,True
5463,MARUICHI STL TUBE,6213400.0,155600.0,True
5464,MORY INDUSTRIES,696300.0,17400.0,True
546A,MIRAINI HLDGS CO,954400.0,23900.0,True
5471,DAIDO STEEL CO,4382600.0,109700.0,True
547A,MUNINOVA HLDGS INC,9776500.0,244800.0,True
5480,NIPPON YAKIN KOGYO,416900.0,10400.0,True
5482,AICHI STEEL CORP,1157000.0,29000.0,True
5541,PACIFIC METALS CO,526600.0,13200.0,True
5563,NIPPON DENKO CO,3079500.0,77100.0,True
5602,KURIMOTO LTD,1434400.0,35900.0,True
5631,JAPAN STEEL WORKS,1834800.0,45900.0,True
5632,MITSUBISHI STEEL,422600.0,10600.0,True
5659,NIPPON SEISEN CO,490600.0,12300.0,True
5698,ENVIPRO HOLDINGS I,543700.0,13600.0,True
5702,DAIKI ALUMINIUM,880200.0,22000.0,True
5703,NIPPON LIGHT METAL,1806500.0,45200.0,True
5706,MITSUI KINZOKU CO,1544200.0,38700.0,True
5707,TOHO ZINC CO LTD,560400.0,14000.0,True
5711,MITSUBISHI MATERLS,4126300.0,103300.0,True
5713,SUMITOMO METAL MNG,8474200.0,212200.0,True
5714,DOWA HOLDINGS,1667400.0,41800.0,True
5715,FURUKAWA CO,656600.0,16400.0,True
5726,OSAKA TITANIUM TEC,1276300.0,32000.0,True
5741,UACJ CORP,3738400.0,93600.0,True
5757,CK SAN-ETSU CO LTD,149100.0,3700.0,True
575A,MAEZAWA HLDGS CO,430600.0,10800.0,True
5801,FURUKAWA ELECTRIC,20592000.0,515700.0,True
5802,SUMITOMO ELECTRIC,85421600.0,2139100.0,True
5803,FUJIKURA,47748700.0,1195700.0,True
5805,SWCC CORPORATION,898300.0,22500.0,True
5821,HIRAKAWA HEWTECH C,373400.0,9400.0,True
5830,IYOGIN HOLDINGS IN,7727600.0,193500.0,True
5831,SHIZUOKA FINANCIAL,13003600.0,325600.0,True
5832,CHUGIN FINANCIAL G,4970000.0,124500.0,True
5838,RAKUTEN BANK LTD,3129400.0,78400.0,True
5844,KYOTO FINANCIAL GR,8106000.0,203000.0,True
5851,RYOBI LTD,784300.0,19600.0,True
5857,ARE HOLDINGS INC,2725500.0,68300.0,True
5889,JAPAN EYEWEAR HOLD,271900.0,6800.0,True
5901,TOYO SEIKAN GROUP,3089800.0,77400.0,True
5902,HOKKAN HOLDINGS,332100.0,8300.0,True
5909,CORONA CORP,345300.0,8600.0,True
590A,GIFTEE GROUP INC,602300.0,15100.0,True
5911,YOKOGAWA B HOLDING,1064400.0,26700.0,True
5929,SANWA HOLDINGS,5890700.0,147500.0,True
5930,BUNKA SHUTTER CO,1941900.0,48600.0,True
5932,SANKYO TATEYAMA IN,778000.0,19500.0,True
5933,ALINCO INC,471600.0,11800.0,True
5938,LIXIL CORPORATION,9666800.0,242100.0,True
5943,NORITZ CORP,1088400.0,27300.0,True
5946,CHOFU SEISAKUSHO,614100.0,15400.0,True
5947,RINNAI CORP,3163400.0,79200.0,True
5949,UNIPRES CORP,1109700.0,27800.0,True
5957,NITTOSEIKO CO LTD,1075600.0,26900.0,True
5959,OKABE CO LTD,1166000.0,29200.0,True
5970,G-TEKT CORPORATION,787800.0,19700.0,True
5975,TOPRE CORPORATION,1089900.0,27300.0,True
5976,NETUREN CO LTD,882500.0,22100.0,True
5981,TOKYO ROPE MFG CO,364700.0,9100.0,True
5985,SUNCALL CORP,610800.0,15300.0,True
5988,PIOLAX INC,664500.0,16600.0,True
5989,H-ONE CO.LTD,636500.0,15900.0,True
5991,NHK SPRING CO LTD,4661400.0,116700.0,True
5992,CHUO SPRING CO,400800.0,10000.0,True
6005,MIURA CO LTD,2808400.0,70300.0,True
6013,TAKUMA CO LTD,1696600.0,42500.0,True
6027,BENGO4.COM INC,307500.0,7700.0,True
6035,IR JAPAN HOLDINGS,319900.0,8000.0,True
6036,KEEPER TECHNICAL L,380300.0,9500.0,True
6047,GUNOSY INC,489000.0,12200.0,True
6050,E-GUARDIAN INC,187200.0,4700.0,True
6055,JAPAN MATERIAL CO,1885500.0,47200.0,True
6058,VECTOR INC.,841300.0,21100.0,True
6062,CHARM CARE CORP,513300.0,12900.0,True
6070,CAREERLINK CO LTD,226100.0,5700.0,True
6071,IBJ INC,564900.0,14100.0,True
6073,ASANTE INCORP,304500.0,7600.0,True
6078,VALUE HR CO LTD,553100.0,13900.0,True
6080,M&A CAPITAL PARTNE,498700.0,12500.0,True
6082,RIDE ON EXPRESS HO,245400.0,6100.0,True
6088,SIGMAXYZ HOLDINGS,1734900.0,43400.0,True
6089,WILL GROUP INC,570000.0,14300.0,True
6098,RECRUIT HLDGS CO L,42908000.0,1074500.0,True
6099,ELAN CORPORATION,679200.0,17000.0,True
6101,TSUGAMI CORP,1291100.0,32300.0,True
6103,OKUMA CORPORATION,1059400.0,26500.0,True
6104,SHIBAURA MACHINE C,723300.0,18100.0,True
6113,AMADA CO LTD,8538800.0,213800.0,True
6118,AIDA ENGINEERING,1070000.0,26800.0,True
6134,FUJI CORPORATION,2412000.0,60400.0,True
6135,MAKINO MILLING,613900.0,15400.0,True
6136,OSG CORP,2155100.0,54000.0,True
6140,ASAHI DIAMOND INDL,1411400.0,35300.0,True
6141,DMG MORI CO LTD,4584400.0,114800.0,True
6143,SODICK CO LTD,1473800.0,36900.0,True
6146,DISCO CORPORATION,2918600.0,73100.0,True
6151,NITTO KOHKI CO LTD,214700.0,5400.0,True
6157,NS TOOL CO LTD,505000.0,12600.0,True
6167,FUJI DIE CO LTD,448300.0,11200.0,True
6178,JAPAN POST HOLD CO,50685700.0,1269300.0,True
6183,BELLSYSTEM24 HOLDI,835200.0,20900.0,True
6184,KAMAKURA SHINSHO L,613000.0,15300.0,True
6191,AIRTRIP CORP,561500.0,14100.0,True
6194,ATRAE INC,500200.0,12500.0,True
6196,STRIKE GP CO LTD,1033000.0,25900.0,True
6199,SERAKU CO LTD,184400.0,4600.0,True
6200,INSOURCE CO LTD,1528600.0,38300.0,True
6209,NPR-RIKEN CORP,696500.0,17400.0,True
6222,SHIMA SEIKI MFG,936000.0,23400.0,True
6235,OPTORUN CO LTD,994300.0,24900.0,True
6237,IWAKI CO LTD,403400.0,10100.0,True
6238,FURYU CORPORATION,634300.0,15900.0,True
6240,YAMASHIN-FILTER CO,1254100.0,31400.0,True
6247,HISAKA WORKS LTD,708400.0,17700.0,True
6250,YAMABIKO CORPO,988700.0,24800.0,True
6254,NOMURA MICRO SCIEN,1092300.0,27400.0,True
6258,HIRATA CORPORATION,868000.0,21700.0,True
6262,PEGASUS CO LTD,667800.0,16700.0,True
6264,MARUMAE CO.LTD,630000.0,15800.0,True
6266,TAZMO CO LTD,399200.0,10000.0,True
6268,NABTESCO CORP,3440300.0,86200.0,True
6269,MODEC INC(JAPAN),1532000.0,38400.0,True
6272,RHEON AUTO MACHNRY,700000.0,17500.0,True
6273,SMC CORP,1718000.0,43000.0,True
6277,HOSOKAWA MICRON CO,458400.0,11500.0,True
6278,UNION TOOL CO,310400.0,7800.0,True
6279,ZUIKO CORPORATION,516400.0,12900.0,True
6282,OILES CORPORATION,746500.0,18700.0,True
6284,NISSEI ASB MACHINE,235200.0,5900.0,True
6287,SATO CORP(JP),829300.0,20800.0,True
6289,GIKEN LTD,523800.0,13100.0,True
6291,AIRTECH JAPAN,283600.0,7100.0,True
6298,Y.A.C HOLDINGS CO,525000.0,13100.0,True
6301,KOMATSU,29195000.0,731100.0,True
6302,SUMITOMO HEAVY IND,3305900.0,82800.0,True
6305,HITACHI CONST MACH,2410900.0,60400.0,True
6306,NIKKO CO LTD,1165600.0,29200.0,True
6309,TOMOE ENGINEERING,805600.0,20200.0,True
6310,ISEKI & CO,566700.0,14200.0,True
6315,TOWA CORP,2190000.0,54800.0,True
6317,KITAGAWA CORPORATI,238000.0,6000.0,True
6323,RORZE CORP,3558600.0,89100.0,True
6324,HARMONIC DRIVE SYS,1619200.0,40500.0,True
6326,KUBOTA CORP,30629200.0,767000.0,True
6328,EBARA JITSUGYO CO,637700.0,16000.0,True
6330,TOYO ENG CORP,1318600.0,33000.0,True
6331,MITSUBISHI KAKOKI,638700.0,16000.0,True
6332,TSUKISHIMA HOLDING,809500.0,20300.0,True
6333,TEIKOKU CORP,389100.0,9700.0,True
6339,SINTOKOGIO LTD,1223400.0,30600.0,True
6340,SHIBUYA CORPORATIO,567900.0,14200.0,True
6345,AICHI CORPORATION,868400.0,21700.0,True
6349,KOMORI CORP,1438500.0,36000.0,True
6351,TSURUMI MANUFA,854500.0,21400.0,True
6358,SAKAI HEAVY INDS,239100.0,6000.0,True
6361,EBARA CORP,14355000.0,359500.0,True
6363,TORISHIMA PUMP MFG,447900.0,11200.0,True
6364,AIRMAN CORP,608600.0,15200.0,True
6367,DAIKIN INDUSTRIES,7884200.0,197400.0,True
6368,ORGANO CORP,831300.0,20800.0,True
6369,TOYO KANETSU KK,503500.0,12600.0,True
6370,KURITA WATER INDS,3646500.0,91300.0,True
6371,TSUBAKIMOTO CHAIN,2618800.0,65600.0,True
6376,NIKKISO CO LTD,1395500.0,34900.0,True
6378,KIMURA CHEM PLANTS,461700.0,11600.0,True
6379,RAIZNEXT CORP,849900.0,21300.0,True
6381,ANEST IWATA CORP,1122900.0,28100.0,True
6383,DAIFUKU CO LTD,10216700.0,255800.0,True
6387,SAMCO INC,162300.0,4100.0,True
6395,TADANO LTD,3483300.0,87200.0,True
6407,CKD CORP,1826600.0,45700.0,True
6412,HEIWA CORP,1789800.0,44800.0,True
6413,RISO KAGAKU CORP,968300.0,24200.0,True
6417,SANKYO CO LTD,5671000.0,142000.0,True
6418,JAPAN CASH MACHINE,731700.0,18300.0,True
6419,MARS GP HLDGS CO,509300.0,12800.0,True
6420,GALILEI HOLDINGS C,890400.0,22300.0,True
6430,DAIKOKU DENKI CO,299100.0,7500.0,True
6432,TAKEUCHI MFG CO,1098400.0,27500.0,True
6436,AMANO CORPORATION,1593800.0,39900.0,True
6440,JUKI CORP,937500.0,23500.0,True
6445,JANOME CORPORATION,418700.0,10500.0,True
6448,BROTHER INDUSTRIES,7297900.0,182800.0,True
6454,MAX CO LTD,3338000.0,83600.0,True
6455,MORITA HOLDINGS,916200.0,22900.0,True
6457,GLORY LTD,1476700.0,37000.0,True
6458,SINKO INDUSTRIES,1626000.0,40700.0,True
6459,DAIWA LTD,1043500.0,26100.0,True
6460,SEGA SAMMY HLDGS I,4786600.0,119900.0,True
6463,TPR CO LTD,1342400.0,33600.0,True
6464,TSUBAKI NAKASHIMA,1305400.0,32700.0,True
6465,HOSHIZAKI CORPORAT,3572500.0,89500.0,True
6470,TAIHO KOGYO,457700.0,11500.0,True
6471,NSK LTD,11207500.0,280700.0,True
6472,NTN CORP,16072400.0,402500.0,True
6473,JTEKT CORPORATION,5713300.0,143100.0,True
6474,NACHI-FUJIKOSHI CO,502700.0,12600.0,True
6479,MINEBEA MITSUMI,10530300.0,263700.0,True
6480,NIPPON THOMPSON CO,1647500.0,41300.0,True
6481,THK CO LTD,2936600.0,73500.0,True
6482,YUSHIN CO,479300.0,12000.0,True
6485,MAEZAWA KYUSO INDS,433800.0,10900.0,True
6486,EAGLE INDUSTRY CO,669200.0,16800.0,True
6490,PILLAR CORPORATION,561300.0,14100.0,True
6498,KITZ CORPORATION,2159100.0,54100.0,True
6501,HITACHI,152496700.0,3818800.0,True
6503,MITSUBISHI ELEC CP,66314300.0,1660600.0,True
6504,FUJI ELECTRIC CO.,4350400.0,108900.0,True
6506,YASKAWA ELEC CORP,6575600.0,164700.0,True
6507,SINFONIA TECHNOLOG,667700.0,16700.0,True
6508,MEIDENSHA CORP,1122500.0,28100.0,True
6516,SANYO DENKI CO,697900.0,17500.0,True
6517,DENYO CO LTD,441000.0,11000.0,True
6523,PHC HLDGS CORP,1136400.0,28500.0,True
6525,KOKUSAI ELECTRIC C,6938600.0,173800.0,True
6526,SOCIONEXT INC,5245400.0,131400.0,True
6532,BAYCURRENT INC,4528600.0,113400.0,True
6533,ORCHESTRA HOLDINGS,134900.0,3400.0,True
6535,I MOBILE CO LTD,912400.0,22800.0,True
6539,MATCHING SERVICE J,392200.0,9800.0,True
6544,JAPAN ELEVATOR SER,5209700.0,130500.0,True
6560,LTS INC,74200.0,1900.0,True
6564,MIDAC HOLDINGS CO,311300.0,7800.0,True
6571,QB NET HOLDINGS CO,303500.0,7600.0,True
6572,OPEN GROUP INC,850900.0,21300.0,True
6584,SANOH INDUSTRIAL,915100.0,22900.0,True
6586,MAKITA CORP,7531900.0,188600.0,True
6588,TOSHIBA TEC CORP,775100.0,19400.0,True
6590,SHIBAURA MECHATRON,1879100.0,47100.0,True
6592,MABUCHI MOTOR CO,5842500.0,146300.0,True
6615,UMC ELECTRONICS(JP,380300.0,9500.0,True
6616,TOREX SEMICONDUCTO,233100.0,5800.0,True
6617,TAKAOKA TOKO CO LT,328300.0,8200.0,True
6619,W-SCOPE CO,2174300.0,54400.0,True
6620,MIYAKOSHI HLDG,269300.0,6700.0,True
6622,DAIHEN CORP,558200.0,14000.0,True
6630,YA-MAN LTD,1177100.0,29500.0,True
6632,JVCKENWOOD CORPORA,4707900.0,117900.0,True
6638,MIMAKI ENGINEERING,502700.0,12600.0,True
6644,OSAKI ELECTRIC CO,1156800.0,29000.0,True
6645,OMRON CORP,5085300.0,127300.0,True
6651,NITTO KOGYO CORP,725600.0,18200.0,True
6652,IDEC CORPORATION,773600.0,19400.0,True
6674,GS YUASA CORP,2476700.0,62000.0,True
6676,BUFFALO INC,322800.0,8100.0,True
6678,TECHNO MEDICA CO,117800.0,3000.0,True
6699,DIAMOND ELECTRIC H,349600.0,8800.0,True
6701,NEC CORP,39753500.0,995500.0,True
6702,FUJITSU,55711200.0,1395100.0,True
6703,OKI ELECTRIC IND,2932500.0,73400.0,True
6706,DKK CO LTD,221900.0,5600.0,True
6707,SANKEN ELECTRIC CO,618900.0,15500.0,True
6718,AIPHONE CO LTD,316300.0,7900.0,True
6723,RENESAS ELECTRONIC,58701700.0,1470000.0,True
6724,SEIKO EPSON CORP,7536300.0,188700.0,True
6727,WACOM CO LTD,3631200.0,90900.0,True
6728,ULVAC INC,1548800.0,38800.0,True
6730,AXELL CORP,276600.0,6900.0,True
6737,EIZO CORP,854000.0,21400.0,True
6740,JAPAN DISPLAY INC,39972700.0,1001000.0,True
6741,NIPPON SIGNAL CO,1531800.0,38400.0,True
6742,KYOSAN ELECTRIC,1408900.0,35300.0,True
6744,NOHMI BOSAI,818100.0,20500.0,True
6745,HOCHIKI CORP,1420200.0,35600.0,True
6750,ELECOM CO,1447000.0,36200.0,True
6752,PANASONIC HLDGS CO,71529700.0,1791200.0,True
6753,SHARP CORP,7289500.0,182500.0,True
6754,ANRITSU CORP,3959200.0,99100.0,True
6758,SONY GROUP CORPORA,200568600.0,5022600.0,True
6762,TDK CORP,52285900.0,1309300.0,True
6763,TEIKOKU TSUSHIN,265300.0,6600.0,True
6768,TAMURA CORP,2411900.0,60400.0,True
6770,ALPS ALPINE CO LTD,4664600.0,116800.0,True
6779,NIHON DEMPA KOGYO,725900.0,18200.0,True
6785,SUZUKI CO LTD,355200.0,8900.0,True
6787,MEIKO ELECTRONICS,540700.0,13500.0,True
6788,NIHON TRIM CO LTD,135800.0,3400.0,True
6794,FOSTER ELECTRIC CO,560400.0,14000.0,True
6798,SMK CORP,145200.0,3600.0,True
6800,YOKOWO CO LTD,534600.0,13400.0,True
6804,HOSIDEN CORP,1180200.0,29600.0,True
6806,HIROSE ELECTRIC,851400.0,21300.0,True
6807,JAPAN AVIATN ELECT,1418300.0,35500.0,True
6809,TOA CORP,612200.0,15300.0,True
6810,MAXELL LTD,1093800.0,27400.0,True
6814,FURUNO ELECTRIC CO,786400.0,19700.0,True
6817,SUMIDA CORP,1040200.0,26000.0,True
6820,ICOM INCORPORATED,233000.0,5800.0,True
6823,RION CO LTD,249300.0,6200.0,True
6841,YOKOGAWA ELECTRIC,6341700.0,158800.0,True
6844,SHINDENGEN ELECTRC,255100.0,6400.0,True
6845,AZBIL CORP,14561800.0,364700.0,True
6849,NIHON KOHDEN CORP,4894300.0,122600.0,True
6850,CHINO CORPORATION,498200.0,12500.0,True
6855,JAPAN ELECTRON MAT,419900.0,10500.0,True
6856,HORIBA LTD,1230700.0,30800.0,True
6857,ADVANTEST CORP,18048500.0,452000.0,True
6859,ESPEC CORP,586400.0,14700.0,True
6861,KEYENCE CORP,5996600.0,150200.0,True
6866,HIOKI E.E. CORP,314400.0,7900.0,True
6869,SYSMEX CORP,15520800.0,388700.0,True
6871,MICRONICS JAPAN CO,897200.0,22500.0,True
6875,MEGACHIPS CORP,384200.0,9600.0,True
6877,OBARA GROUP INC.,280800.0,7000.0,True
6902,DENSO CORP,58724600.0,1470600.0,True
6905,COSEL CO LTD,738600.0,18500.0,True
6908,IRISO ELECTRONICS,493500.0,12400.0,True
6914,OPTEX GROUP COMPAN,1099600.0,27500.0,True
6915,CHIYODA INTEGRE CO,151100.0,3800.0,True
6920,LASERTEC CORP,2536100.0,63500.0,True
6923,STANLEY ELECTRIC,2541900.0,63700.0,True
6925,USHIO INC,2246000.0,56200.0,True
6929,NIPPON CERAMIC,427300.0,10700.0,True
6941,YAMAICHI ELECTRONI,552200.0,13800.0,True
6947,ZUKEN INC,498700.0,12500.0,True
6951,JEOL LTD,1386100.0,34700.0,True
6952,CASIO COMPUTER CO,4729900.0,118400.0,True
6954,FANUC CORP,28622900.0,716800.0,True
6958,CMK CORP,1917800.0,48000.0,True
6961,ENPLAS CORP,174500.0,4400.0,True
6962,DAISHINKU CORP,864500.0,21600.0,True
6963,ROHM CO LTD,11765400.0,294600.0,True
6965,HAMAMATSU PHOTONIC,9303000.0,233000.0,True
6966,MITSUI HIGH TEC,3096300.0,77500.0,True
6971,KYOCERA CORP,34990000.0,876200.0,True
6976,TAIYO YUDEN CO LTD,3391900.0,84900.0,True
6981,MURATA MFG CO,57200800.0,1432400.0,True
6986,FUTABA CORP,1236300.0,31000.0,True
6988,NITTO DENKO CORP,18254600.0,457100.0,True
6995,TOKAI RIKA CO,1600100.0,40100.0,True
6996,NICHICON CORP,1569000.0,39300.0,True
6997,NIPPON CHEMI-CON,941200.0,23600.0,True
6999,KOA CORPORATION,1092200.0,27300.0,True
7003,MITSUI E&S CO LTD,3004200.0,75200.0,True
7004,KANADEVIA CORP,4960000.0,124200.0,True
7011,MITSUBISHI HVY IND,113430300.0,2840500.0,True
7012,KAWASAKI HEAVY IND,23588400.0,590700.0,True
7013,IHI CORPORATION,31551000.0,790100.0,True
7014,NAMURA SHIPBUILDNG,1868700.0,46800.0,True
7033,MANAGEMENT SOLUTIO,303000.0,7600.0,True
7034,PRORED PARTNERS CO,150700.0,3800.0,True
7038,FRONTIER MANAGEMEN,240100.0,6000.0,True
7071,AMVIS HOLDINGS INC,1319500.0,33000.0,True
7085,CURVES HOLDINGS CO,1683100.0,42100.0,True
7095,MACBEE PLANET INC,263000.0,6600.0,True
7102,NIPPON SHARYO LTD,230300.0,5800.0,True
7128,UNISOL HLDGS CORP,599100.0,15000.0,True
7130,YAMAE GRP HLDGS CO,622400.0,15600.0,True
7148,FINANCIAL PARTNERS,2066300.0,51700.0,True
7157,LIFENET INSURANCE,1260700.0,31600.0,True
7164,ZENKOKU HOSHO CO L,3396300.0,85000.0,True
7167,MEBUKIFINANCIAL G,27596700.0,691100.0,True
7172,JAPAN INVESTMENT A,1113600.0,27900.0,True
7173,TOKYO KIRABOSHI,7130400.0,178600.0,True
7180,KYUSHU FINANCIAL G,11425200.0,286100.0,True
7181,JAPAN POST INSURAN,19452900.0,487100.0,True
7182,JAPAN POST BANK CO,64122600.0,1605700.0,True
7184,THE FIRST BANK OF,1835800.0,46000.0,True
7186,YOKOHAMA FINANCIAL,30787800.0,771000.0,True
7187,J-LEASE CO LTD,444600.0,11100.0,True
7189,NISHI-NIPPON FINAN,3609500.0,90400.0,True
7198,SBI ARUHI CORP,601700.0,15100.0,True
7199,PREMIUM GROUP CO L,1004800.0,25200.0,True
7201,NISSAN MOTOR CO,91574100.0,2293200.0,True
7202,ISUZU MOTORS,15438400.0,386600.0,True
7203,TOYOTA MOTOR CORP,294431600.0,7373100.0,True
7211,MITSUBISHI MOTOR C,22915600.0,573800.0,True
7220,MUSASHI SEIMITSU,1323000.0,33100.0,True
7222,NISSAN SHATAI CO,910900.0,22800.0,True
7224,SHINMAYWA INDS,1726000.0,43200.0,True
7226,KYOKUTO KAIHATSU,990000.0,24800.0,True
7231,TOPY INDUSTRIES,431800.0,10800.0,True
7236,T.RAD CO LTD,1058100.0,26500.0,True
7238,AKEBONO BRAKE IND,3681700.0,92200.0,True
7239,TACHI-S CO LTD,1106000.0,27700.0,True
7240,NOK CORP,2164000.0,54200.0,True
7241,FUTABA INDUSTRIAL,1606400.0,40200.0,True
7242,KYB CORPORATION,1018100.0,25500.0,True
7244,ICHIKOH INDUSTRIES,1297600.0,32500.0,True
7245,DAIDO METAL CO LTD,1171700.0,29300.0,True
7246,PRESS KOGYO CO,2418000.0,60600.0,True
7259,AISIN CORPORATION,14646400.0,366800.0,True
7261,MAZDA MOTOR CORP,19826600.0,496500.0,True
7267,HONDA MOTOR CO,111767800.0,2798900.0,True
7269,SUZUKI MOTOR CORP,44036200.0,1102700.0,True
7270,SUBARU CORPORATION,17687000.0,442900.0,True
7272,YAMAHA MOTOR CO,29667600.0,742900.0,True
7276,KOITO MFG CO LTD,6210100.0,155500.0,True
7278,EXEDY CORP,980300.0,24500.0,True
7280,MITSUBA CORP,1138000.0,28500.0,True
7282,TOYODA GOSEI,1845500.0,46200.0,True
7283,AISAN INDUSTRY CO,994900.0,24900.0,True
7294,YOROZU CORP,561600.0,14100.0,True
7296,F.C.C. CO LTD,1166800.0,29200.0,True
7309,SHIMANO INC,2521400.0,63100.0,True
7313,TS TECH CO.LTD.,2223700.0,55700.0,True
7322,SAN JU SAN FINL GP,2287500.0,57300.0,True
7327,DAISHI HOKUETSU FI,5561000.0,139300.0,True
7337,HIROGIN HOLDINGS I,8212700.0,205700.0,True
7350,OKINAWA FINANCIAL,503000.0,12600.0,True
7354,DIRECT MARKETING M,640800.0,16000.0,True
7358,POPPINS CORPORATIO,114100.0,2900.0,True
7366,LITALICO INC,561200.0,14100.0,True
7380,JUROKU FINANCIAL G,4144100.0,103800.0,True
7381,CCI GROUP INC,6161900.0,154300.0,True
7383,NET PROTECTIONS HL,1785700.0,44700.0,True
7384,PROCREA HOLDINGS,722800.0,18100.0,True
7388,FP PARTNER INC,313000.0,7800.0,True
7389,AICHI FINANCIAL GR,6056200.0,151700.0,True
7414,ONOKEN CO LTD,675800.0,16900.0,True
7419,NOJIMA CORP,6208100.0,155500.0,True
7421,KAPPA CREATE CO LT,996900.0,25000.0,True
7433,HAKUTO CO LTD,379000.0,9500.0,True
7438,KONDOTEC INC,531500.0,13300.0,True
7447,NAGAILEBEN CO,688900.0,17300.0,True
7453,RYOHIN KEIKAKU CO,13846100.0,346700.0,True
7456,MATSUDA SANGYO,482500.0,12100.0,True
7458,DAIICHIKOSHO CO,2097400.0,52500.0,True
7459,MEDIPAL HLDG CORP,6777500.0,169700.0,True
7463,ADVAN GROUP CO LTD,388300.0,9700.0,True
7466,SPK CORPORATION,515500.0,12900.0,True
7475,ALBIS CO LTD,207500.0,5200.0,True
7476,AS ONE CORPORATION,2017700.0,50500.0,True
7480,SUZUDEN CORP,327500.0,8200.0,True
7482,SHIMOJIMA CO LTD,477100.0,11900.0,True
7483,DOSHISHA CO LTD,754000.0,18900.0,True
7504,KOHSOKU CORP,423500.0,10600.0,True
7508,G-7 HOLDINGS INC,691500.0,17300.0,True
7510,TAKEBISHI CORP,242700.0,6100.0,True
7512,AEON HOKKAIDO CORP,1875100.0,47000.0,True
7513,KOJIMA CO LTD,1222500.0,30600.0,True
7516,KOHNAN SHOJI,699700.0,17500.0,True
7520,ECO'S CO LTD,235000.0,5900.0,True
7522,WATAMI CO LTD,765400.0,19200.0,True
7525,RIX CORP,159800.0,4000.0,True
7527,SYSTEMSOFT CORP,2471900.0,61900.0,True
7532,PAN PACIFIC INTL H,64097100.0,1605100.0,True
7537,MARUBUN CORP,565900.0,14200.0,True
7545,NISHIMATSUYA CHAIN,1404100.0,35200.0,True
7550,ZENSHO HOLDINGS,3242500.0,81200.0,True
7552,HAPPINET CORP,862500.0,21600.0,True
7554,KOURAKUEN CORP,607200.0,15200.0,True
7570,HASHIMOTO SOGYO HO,214800.0,5400.0,True
7575,JAPAN LIFELINE CO,1598200.0,40000.0,True
7581,SAIZERIYA COMPANY,937300.0,23500.0,True
7590,TAKASHO CO LTD,512600.0,12800.0,True
7593,VT HOLDINGS CO LTD,2472900.0,61900.0,True
7595,ARGO GRAPHICS,2151800.0,53900.0,True
7596,UORIKI CO LTD,221200.0,5500.0,True
7599,IDOM INC,1916700.0,48000.0,True
7600,JAPAN MEDICAL DYNA,474800.0,11900.0,True
7606,UNITED ARROWS LTD,677200.0,17000.0,True
7607,SHINWA(WHOLESALE),371600.0,9300.0,True
7609,DAITRON CO LTD,572000.0,14300.0,True
7611,HIDAY HIDAKA CORP,1026100.0,25700.0,True
7613,SIIX CORP,1016700.0,25500.0,True
7616,COLOWIDE CO LTD,3579200.0,89600.0,True
7628,OHASHI TECHNICA,577900.0,14500.0,True
7630,ICHIBANYA CO LTD,2504700.0,62700.0,True
7637,HAKUDO CO LTD,178000.0,4500.0,True
7649,SUGI HOLDINGS,6814200.0,170600.0,True
7679,YAKUODO HLDGS CO L,354000.0,8900.0,True
7683,WA INC,256900.0,6400.0,True
7701,SHIMADZU CORP,7963700.0,199400.0,True
7702,JMS CO LTD,554400.0,13900.0,True
7715,NAGANO KEIKI CO,381100.0,9500.0,True
7717,V TECHNOLOGY,293200.0,7300.0,True
7721,TOKYO KEIKI INC,497600.0,12500.0,True
7723,AICHI TOKEI DENKI,285300.0,7100.0,True
7725,INTER ACTION CORP,309600.0,7800.0,True
7729,TOKYO SEIMITSU CO,1137400.0,28500.0,True
7730,MANI INC,2638300.0,66100.0,True
7731,NIKON CORP,7477300.0,187200.0,True
7733,OLYMPUS CORP,32475500.0,813200.0,True
7734,RIKEN KEIKI CO LTD,848600.0,21200.0,True
7735,SCREEN HOLDINGS CO,4275900.0,107100.0,True
7740,TAMRON CO LTD,2679900.0,67100.0,True
7741,HOYA CORP,11258100.0,281900.0,True
7744,NORITSU KOKI CO,1685200.0,42200.0,True
7745,A&D HOLON HOLDINGS,811400.0,20300.0,True
7747,ASAHI INTECC CO LT,7136900.0,178700.0,True
7751,CANON INC,26906600.0,673800.0,True
7752,RICOH CO,14047600.0,351800.0,True
7762,CITIZEN WATCH CO,4962700.0,124300.0,True
7780,MENICON CO LTD,2237100.0,56000.0,True
7818,TRANSACTION CO LTD,1032000.0,25800.0,True
7820,NIHON FLUSH CO LTD,561700.0,14100.0,True
7821,MAEDA KOSEN CO.LTD,1220800.0,30600.0,True
7823,ARTNATURE INC,539600.0,13500.0,True
7826,FURUYA METAL CO LT,569100.0,14300.0,True
7832,BANDAI NAMCO HLDGS,15903400.0,398200.0,True
7839,SHOEI CO LTD,1407500.0,35200.0,True
7840,FRANCE BED HOLDING,856800.0,21500.0,True
7844,MARVELOUS INC,1115700.0,27900.0,True
7846,PILOT CORP (NEW),2515300.0,63000.0,True
7856,HAGIHARA INDUSTRIE,434200.0,10900.0,True
7860,AVEX INC,1029000.0,25800.0,True
7864,FUJI SEAL INTL INC,1213700.0,30400.0,True
7867,TOMY COMPANY LTD,2937800.0,73600.0,True
7868,KOSAIDO HOLDINGS C,2210600.0,55400.0,True
7874,LEC INC,598800.0,15000.0,True
7888,SANKO GOSEI LTD,756700.0,18900.0,True
7893,PRONEXUS INC,621300.0,15600.0,True
7911,TOPPAN HOLDINGS IN,7266400.0,182000.0,True
7912,DAI NIPPON PRINTNG,12932300.0,323800.0,True
7914,KYODO PRINTING CO,605500.0,15200.0,True
7915,NISSHA CO LTD,1183900.0,29600.0,True
7917,ZACROS CORPORATION,1900300.0,47600.0,True
7921,TAKARA & COMPANY L,353800.0,8900.0,True
7931,MIRAI INDUSTRY CO,287100.0,7200.0,True
7936,ASICS CORP,24695100.0,618400.0,True
7937,TSUTSUMI JEWELRY,140100.0,3500.0,True
7942,JSP CORP,352500.0,8800.0,True
7943,NICHIHA CORP,695700.0,17400.0,True
7944,ROLAND CORPORATION,834100.0,20900.0,True
7947,FP CORP,1137400.0,28500.0,True
7949,KOMATSU WALL IND,442100.0,11100.0,True
7951,YAMAHA CORP,9340300.0,233900.0,True
7952,KAWAI MUSICAL INST,161600.0,4000.0,True
7955,CLEANUP CORP,653500.0,16400.0,True
7956,PIGEON CORP,3544900.0,88800.0,True
7962,KING JIM CO LTD,528900.0,13200.0,True
7965,ZOJIRUSHI CORP,1627300.0,40800.0,True
7966,LINTEC CORP,1299900.0,32600.0,True
7970,SHIN-ETSU POLYMER,1296400.0,32500.0,True
7972,ITOKI CORPORATION,1316200.0,33000.0,True
7974,NINTENDO CO LTD,37510100.0,939300.0,True
7976,MITSUBISHI PENCIL,908500.0,22700.0,True
7979,SHOFU INC,722100.0,18100.0,True
7981,TAKARA STANDARD CO,1278200.0,32000.0,True
7984,KOKUYO CO LTD,10872800.0,272300.0,True
7987,NAKABAYASHI CO LTD,645500.0,16200.0,True
7988,NIFCO INC,2246700.0,56300.0,True
7989,TACHIKAWA CORP,314200.0,7900.0,True
7990,GLOBERIDE INC,547400.0,13700.0,True
7994,OKAMURA CORP,1804400.0,45200.0,True
7995,VALQUA LTD,502700.0,12600.0,True
8001,ITOCHU CORP,213151500.0,5337700.0,True
8002,MARUBENI CORP,48393600.0,1211900.0,True
8005,SCROLL CORPORATION,1086800.0,27200.0,True
8008,YONDOSHI HLDGS INC,599900.0,15000.0,True
8011,SANYO SHOKAI,841900.0,21100.0,True
8012,NAGASE & CO,10839800.0,271400.0,True
8014,CHORI CO LTD,340300.0,8500.0,True
8015,TOYOTA TSUSHO CORP,16929100.0,423900.0,True
8016,ONWARD HOLDINGS,3499300.0,87600.0,True
8018,SANKYO SEIKO CO,824900.0,20700.0,True
8020,KANEMATSU CORP,5303400.0,132800.0,True
8022,MIZUNO CORP,1608500.0,40300.0,True
8029,LOOK HOLDINGS INCO,192800.0,4800.0,True
8031,MITSUI & CO,89896000.0,2251100.0,True
8032,JAPAN PULP & PAPER,3367200.0,84300.0,True
8035,TOKYO ELECTRON,12589100.0,315300.0,True
8037,KAMEI CORP,591600.0,14800.0,True
8043,STARZEN CO LTD,1444100.0,36200.0,True
8050,SEIKO GROUP CORPOR,1670500.0,41800.0,True
8051,YAMAZEN CORP,1922600.0,48100.0,True
8052,TSUBAKIMOTO KOGYO,437000.0,10900.0,True
8053,SUMITOMO CORP,149972600.0,3755600.0,True
8056,BIPROGY INC,1996400.0,50000.0,True
8057,UCHIDA YOKO CO,1284500.0,32200.0,True
8058,MITSUBISHI CORP,116440000.0,2915900.0,True
8059,DAIICHI JITSUGYO,587400.0,14700.0,True
8060,CANON MARKETING JP,2987800.0,74800.0,True
8061,SEIKA CORP,911400.0,22800.0,True
8065,SATO SHOJI CORP,439800.0,11000.0,True
8070,TOKYO SANGYO CO,642900.0,16100.0,True
8074,YUASA CO LTD,544900.0,13600.0,True
8075,SHINSHO CORP,476700.0,11900.0,True
8078,HANWA CO LTD,5218900.0,130700.0,True
8079,SHOEI FOODS CORP,421700.0,10600.0,True
8081,KANADEN CORP,504300.0,12600.0,True
8084,RYODEN CORPORATION,484400.0,12100.0,True
8086,NIPRO CORP,4996200.0,125100.0,True
8088,IWATANI CORP,6300800.0,157800.0,True
8093,KYOKUTO BOEKI,354100.0,8900.0,True
8095,ASTENA HOLDINGS CO,1292300.0,32400.0,True
8097,SAN-AI OBBLI CO LT,1412400.0,35400.0,True
8098,INABATA & CO,1444800.0,36200.0,True
8101,GSI CREOS CORP,368000.0,9200.0,True
8103,MEIWA CORPORATION,904100.0,22600.0,True
8111,GOLDWIN INC,3509700.0,87900.0,True
8113,UNICHARM CORP,37573200.0,940900.0,True
8125,WAKITA & CO,1049600.0,26300.0,True
8129,TOHO HOLDINGS CO,1800600.0,45100.0,True
8130,SANGETSU CORP,1592400.0,39900.0,True
8131,MITSUUROKO GROUP,767400.0,19200.0,True
8132,SHINANEN HOLDINGS,123800.0,3100.0,True
8133,ITOCHU ENEX CO LTD,1571900.0,39400.0,True
8136,SANRIO CO LTD,31487300.0,788500.0,True
8137,SUN-WA TECHNOS,359600.0,9000.0,True
8141,SHINKO SHOJI CO,417100.0,10200.0,True
8142,TOHO CO(WHOLESALE),740600.0,18500.0,True
8150,SANSHIN ELECTRONIC,364900.0,9100.0,True
8151,TOYO CORPORATION,526200.0,13200.0,True
8153,MOS FOOD SERVICES,932800.0,23400.0,True
8154,KAGA ELECTRONICS,1176500.0,29500.0,True
8157,TSUZUKI DENKI CO,382900.0,9600.0,True
8158,SODA NIKKA CO LTD,617900.0,15500.0,True
8159,TACHIBANA ELETECH,378600.0,9500.0,True
8160,KISOJI CO LTD,959700.0,24000.0,True
8163,SRS HLDS CO LTD,1045900.0,26200.0,True
8165,SENSHUKAI CO,1400200.0,35100.0,True
8167,RETAIL PARTNERS CO,941000.0,23600.0,True
8173,JOSHIN CORP,690400.0,17300.0,True
8174,NIPPON GAS CO LTD,2903700.0,72700.0,True
8179,ROYAL HOLDINGS CO,2458800.0,61600.0,True
8185,CHIYODA CO LTD,616200.0,15400.0,True
8194,LIFE CORPORATION,1217200.0,30500.0,True
8200,RINGER HUT CO LTD,876500.0,21900.0,True
8203,MRMAX HOLDINGS LTD,532700.0,13300.0,True
8214,AOKI HOLDINGS INC,1359600.0,34000.0,True
8217,OKUWA CO LTD,846000.0,21200.0,True
8218,KOMERI CO LTD,844300.0,21100.0,True
8219,AOYAMA TRADING CO,4066500.0,101800.0,True
8227,SHIMAMURA CO,4468000.0,111900.0,True
8233,TAKASHIMAYA CO,8893600.0,222700.0,True
8237,MATSUYA CO (TOKYO),1194500.0,29900.0,True
8242,H2O RETAILING CO,3087000.0,77300.0,True
8244,KINTETSU DPT STORE,362600.0,9100.0,True
8252,MARUI GROUP,3705100.0,92800.0,True
8253,CREDIT SAISON CO,2888900.0,72300.0,True
8255,AXIAL RETAILING IN,1730000.0,43300.0,True
8267,AEON CO LTD,74871300.0,1874900.0,True
8273,IZUMI CO LTD,3373400.0,84500.0,True
8275,FORVAL CORP,248900.0,6200.0,True
8276,HEIWADO CO LTD,1039900.0,26000.0,True
8278,FUJI CO(TOKYO),973400.0,24400.0,True
8281,XEBIO HOLDINGS CO,751800.0,18800.0,True
8282,K'S HOLDINGS CORP,4142300.0,103700.0,True
8285,MITANI SANGYO CO,1107700.0,27700.0,True
8303,SBI SHINSEI BANK L,10036300.0,251300.0,True
8304,AOZORA BANK,3760100.0,94200.0,True
8306,MITSUBISHI UFJ FIN,372420200.0,9326000.0,True
8308,RESONA HOLDINGS,72400200.0,1813000.0,True
8309,SUMITOMO MITSUI,81452100.0,2039700.0,True
8316,SUMITOMO MITSUI FG,128693700.0,3222700.0,True
8331,CHIBA BANK,17383300.0,435300.0,True
8334,GUNMA BANK,10648600.0,266700.0,True
8336,MUSASHINO BANK,2471000.0,61900.0,True
8337,CHIBA KOGYO BANK,1115800.0,27900.0,True
8338,TSUKUBA BANK LTD,2590600.0,64900.0,True
8341,77TH BANK,5670200.0,142000.0,True
8343,AKITA BANK,395400.0,9900.0,True
8344,YAMAGATA BANK,758200.0,19000.0,True
8345,BANK OF IWATE LTD,1492700.0,37400.0,True
8346,TOHO BANK,6791700.0,170100.0,True
8354,FUKUOKA FINANCIAL,4712800.0,118000.0,True
8358,SURUGA BANK,3472600.0,87000.0,True
8359,HACHIJUNI NAGANO,12174600.0,304900.0,True
8360,YAMANASHI CHUO BK,716500.0,17900.0,True
8361,OGAKI KYORITSU BK,1203000.0,30100.0,True
8362,FUKUI BANK,568300.0,14200.0,True
8364,SHIMIZU BANK,234800.0,5900.0,True
8366,SHIGA BANK,4042300.0,101200.0,True
8367,NANTO BANK,4441600.0,111200.0,True
8368,HYAKUGO BANK LTD,5553700.0,139100.0,True
8370,KIYO BANK LTD,1961100.0,49100.0,True
8377,HOKUHOKU FINANCIAL,3529400.0,88400.0,True
8381,SAN-IN GODO BANK,3694600.0,92500.0,True
8386,HYAKUJUSHI BANK,2310300.0,57900.0,True
8387,SHIKOKU BANK,926600.0,23200.0,True
8388,AWA BANK,874200.0,21900.0,True
8392,OITA BANK,1846900.0,46200.0,True
8393,MIYAZAKI BANK,1728200.0,43300.0,True
8395,BK OF SAGA,370100.0,9300.0,True
8399,BK OF RYUKYUS,1256200.0,31500.0,True
8410,SEVEN BANK,18503900.0,463400.0,True
8411,MIZUHO FINL GP,82134000.0,2056800.0,True
8418,YAMAGUCHI FINANCIA,5788500.0,145000.0,True
8424,FUYO GENERAL LEASE,1629400.0,40800.0,True
8425,MIZUHO LEASING CO,4435200.0,111100.0,True
8439,TOKYO CENTURY CORP,4412300.0,110500.0,True
8473,SBI HOLDINGS INC,20748000.0,519600.0,True
8511,JAPAN SECS FINANCE,2046500.0,51200.0,True
8522,BANK OF NAGOYA,1106600.0,27700.0,True
8524,NORTH PACIFIC BANK,7626800.0,191000.0,True
8541,EHIME BANK,861700.0,21600.0,True
8544,KEIYO BANK,2550500.0,63900.0,True
8550,TOCHIGI BANK,3193900.0,80000.0,True
8551,KITA-NIPPON BANK,184500.0,4600.0,True
8558,TOWA BANK,1122700.0,28100.0,True
8566,RICOH LEASING,560300.0,14000.0,True
8570,AEON FINANCIAL SER,3389300.0,84900.0,True
8572,ACOM CO,10534700.0,263800.0,True
8584,JACCS CO LTD,707000.0,17700.0,True
8585,ORIENT CORP,2311700.0,57900.0,True
8591,ORIX CORP,35275500.0,883400.0,True
8593,MITSUBISHI HC CAP.,29592700.0,741100.0,True
8595,JAFCO GROUP CO LTD,1580800.0,39600.0,True
8600,TOMONY HOLDINGS IN,5639400.0,141200.0,True
8601,DAIWA SECS GROUP,42251000.0,1057100.0,True
8604,NOMURA HOLDINGS,96922100.0,2427100.0,True
8609,OKASAN SECURITIES,4664500.0,116800.0,True
8613,MARUSAN SECURITIES,1963900.0,49200.0,True
8614,TOYO SECURITIES CO,1821600.0,45600.0,True
8616,TOKAI TOKYO F HLDG,6986900.0,175000.0,True
8622,MITO SECURITIES CO,1619700.0,40600.0,True
8624,ICHIYOSHI SECS CO,1105300.0,27700.0,True
8628,MATSUI SECURITIES,4068000.0,101900.0,True
8630,SOMPO HOLDINGS INC,29317000.0,734100.0,True
8697,JAPAN EXCHANGE GP,32378400.0,810800.0,True
8698,MONEX GROUP INC,6204700.0,155400.0,True
8706,KYOKUTO SECURITIES,808200.0,20200.0,True
8707,IWAICOSMO HLDGS,616800.0,15400.0,True
8708,AIZAWA SECS GP CO,620300.0,15500.0,True
8713,FIDEA HOLDINGS,610100.0,15300.0,True
8714,SENSHU IKEDA HLDGS,8188400.0,205100.0,True
8715,ANICOM HOLDINGS,1847800.0,46300.0,True
8725,MS&AD INS GP HLDGS,36801100.0,921600.0,True
8729,SONY FINANCIAL GR,195797400.0,4903100.0,True
8739,SPARX GROUP CO.LTD,651300.0,16300.0,True
8750,DAIICHI LIFE GP,113649400.0,2846000.0,True
8766,TOKIO MARINE HLDG,60690800.0,1519800.0,True
8771,EGUARANTEE INC.,914600.0,22900.0,True
8793,NEC CAPITAL SOLUTI,290000.0,7300.0,True
8795,T&D HOLDINGS INC,13126200.0,328700.0,True
8798,ADVANCE CREATE CO,503900.0,12600.0,True
8801,MITSUI FUDOSAN CO,85314100.0,2136400.0,True
8802,MITSUBISHI ESTATE,35290900.0,883700.0,True
8803,HEIWA REAL ESTATE,1114300.0,27900.0,True
8804,TOKYO TATEMONO CO,5128000.0,128400.0,True
8818,KEIHANSHIN BUILD,1750600.0,43800.0,True
8830,SUMITOMO RLTY&DEV,16784300.0,420300.0,True
8841,TOC CO LTD,1051900.0,26300.0,True
8848,LEOPALACE 21 CORP,5247100.0,131400.0,True
8850,STARTS CORPORATION,1089400.0,27300.0,True
8860,FUJI CORP LTD,743400.0,18600.0,True
8864,AIRPORT FACILITIES,816000.0,20400.0,True
8869,MEIWA ESTATE CO,473000.0,11800.0,True
8871,GOLDCREST CO LTD,320800.0,8000.0,True
8876,RELO GROUP INC,2743900.0,68700.0,True
8877,ESLEAD CORPORATION,277500.0,6900.0,True
8881,NISSHIN GROUP HLDG,947200.0,23700.0,True
8892,ES-CON JAPAN LTD,1325800.0,33200.0,True
8897,MIRARTH HLDGS INC,3710300.0,92900.0,True
8918,LAND CO LTD,38097700.0,954000.0,True
8919,KATITAS CO LTD,1586700.0,39700.0,True
8920,TOSHO CO LTD,515300.0,12900.0,True
8923,TOSEI CORPORATION,1967500.0,49300.0,True
8934,SUN FRONTIER FUDOS,925200.0,23200.0,True
8935,FJ NEXT HOLDINGS C,543600.0,13600.0,True
8999,GRANDY HOUSE CORPO,552700.0,13800.0,True
9001,TOBU RAILWAY CO,6190400.0,155000.0,True
9003,SOTETSU HOLDINGS,2309900.0,57800.0,True
9005,TOKYU CORP,15407100.0,385800.0,True
9006,KEIKYU CORPORATION,6799300.0,170300.0,True
9007,ODAKYU ELEC RLWY,9085900.0,227500.0,True
9008,KEIO CORPORATION,13135600.0,328900.0,True
9009,KEISEI ELEC RY CO,10434400.0,261300.0,True
9010,FUJI KYUKO CO LTD,738200.0,18500.0,True
9020,EAST JAPAN RAILWAY,33056200.0,827800.0,True
9021,WEST JAPAN RAILWAY,14296000.0,358000.0,True
9022,CENTRAL JAPAN RLWY,24685500.0,618200.0,True
9023,TOKYO METRO CO LTD,9544900.0,239000.0,True
9024,SEIBU HOLDINGS INC,6168600.0,154500.0,True
9025,KONOIKE TRANSPORT,1021300.0,25600.0,True
9031,NISHI NIPPON RR CO,1734400.0,43400.0,True
9037,HAMAKYOREX CO LTD,1875100.0,47000.0,True
9039,SAKAI MOVING SERVI,759000.0,19000.0,True
9041,KINTETSU GROUP HOL,6410500.0,160500.0,True
9042,HANKYU HANSHIN HLD,7892300.0,197600.0,True
9044,NANKAI CO LTD,2735200.0,68500.0,True
9045,KEIHAN HOLDINGS CO,3112600.0,77900.0,True
9046,KOBE ELEC RAILWAY,162600.0,4100.0,True
9048,NAGOYA RAILROAD CO,6613600.0,165600.0,True
9052,SANYO ELEC RAILWAY,450500.0,11300.0,True
9064,YAMATO HOLDINGS CO,7272500.0,182100.0,True
9065,SANKYU INC,1304400.0,32700.0,True
9068,MARUZEN SHOWA UNYU,369700.0,9300.0,True
9069,SENKO GROUP HOLDIN,4332000.0,108500.0,True
9072,NIKKON HLDG CO,2551500.0,63900.0,True
9075,FUKUYAMA TRANSPORT,615100.0,15400.0,True
9076,SEINO HOLDINGS,2944800.0,73700.0,True
9081,KANAGAWA CHUO KOTS,169500.0,4200.0,True
9090,AZ-COM MARUWA HLDG,1855800.0,46500.0,True
9101,NIPPON YUSEN KK,11810900.0,295800.0,True
9104,MITSUI O.S.K.LINES,11392200.0,285300.0,True
9107,KAWASAKI KISEN KAI,12894300.0,322900.0,True
9110,NS UNITED KAIUN KA,376000.0,9200.0,True
9119,IINO KAIUN KAISHA,2196900.0,55000.0,True
9142,KYUSHU RAILWAY COR,4506400.0,112800.0,True
9143,SG HOLDINGS CO LTD,10048100.0,251600.0,True
9147,NIPPON EXPRESS HLD,6536200.0,163700.0,True
9201,JAPAN AIRLINES CO,13718000.0,343500.0,True
9202,ANA HOLDINGS INC,16283100.0,407800.0,True
9216,BEWITH INC,258000.0,6500.0,True
9229,SUNWELS CO LTD,473700.0,11500.0,True
9247,TRE HLDGS CORP,1415200.0,35400.0,True
9248,PEOPLE DREAMS & TE,232200.0,5800.0,True
9262,SILVER LIFE CO LTD,171600.0,4300.0,True
9267,GENKY DRUGSTORES C,556700.0,13900.0,True
9273,KOA SHOJI HOLDINGS,566500.0,14200.0,True
9274,KPP GROUP HOLDINGS,1658000.0,41500.0,True
9278,BOOKOFF GROUP HLDG,460600.0,11500.0,True
9279,GIFT HOLDINGS INC,719100.0,18000.0,True
9301,MITSUBISHI LOGISTI,6493800.0,162600.0,True
9302,MITSUI-SOKO HLDGS,1848900.0,46300.0,True
9303,SUMITOMO WAREHOUSE,1717300.0,43000.0,True
9304,SHIBUSAWA LOGISTIC,955100.0,23900.0,True
9305,YAMATANE CORP,508600.0,12700.0,True
9308,INUI GLOBAL LOGIST,759800.0,19000.0,True
9310,JAPAN TRANSCITY CP,1488500.0,37300.0,True
9319,CHUO WAREHOUSE CO,320500.0,8000.0,True
9324,YASUDA LOGISTICS C,408400.0,10200.0,True
9332,NISSO HOLDINGS CO,533900.0,13400.0,True
9336,DAIEI KANKYO CO LT,1343500.0,33600.0,True
9341,GENOVA INC,359900.0,9000.0,True
9347,NIPPON KANZAI HOLD,646200.0,16200.0,True
9364,KAMIGUMI CO LTD,2627800.0,65800.0,True
9369,K.R.S.CORP,341000.0,8500.0,True
9381,AIT CORPORATION,375200.0,9400.0,True
9401,TBS HOLDINGS INC,2888700.0,72300.0,True
9404,NIPPON TV HLDGS IN,5269700.0,132000.0,True
9405,ASAHI BROADCASTIN,750200.0,18800.0,True
9409,TV ASAHI HOLDINGS,1459600.0,36600.0,True
9412,SKY PERFECT JSAT,4003500.0,100300.0,True
9413,TV TOKYO HLDG CORP,370900.0,9300.0,True
9416,VISION INC,1141800.0,28600.0,True
9418,U-NEXT HOLDINGS CO,2021600.0,50600.0,True
9424,JAPAN COMMUNICATIO,4862000.0,121800.0,True
9432,NTT INC,1650644300.0,41334900.0,True
9433,KDDI CORP,80844200.0,2024500.0,True
9434,SOFTBANK CORP,968909500.0,24263100.0,True
9435,HIKARI TSUSHIN INC,591600.0,14800.0,True
9438,MTI LTD,406500.0,10200.0,True
9449,GMO INTERNET GROUP,1684400.0,42200.0,True
9450,FIBERGATE INC,277100.0,6900.0,True
9468,KADOKAWA CORPORATI,3339600.0,83600.0,True
9470,GAKKEN HOLDINGS CO,1000500.0,25100.0,True
9474,ZENRIN CO LTD,899100.0,22500.0,True
9501,TOKYO ELEC POWER H,54031900.0,1353000.0,True
9502,CHUBU ELEC POWER,22087700.0,553100.0,True
9503,KANSAI ELEC POWER,32488400.0,813600.0,True
9504,CHUGOKU ELEC POWER,10413700.0,260800.0,True
9505,HOKURIKU ELEC PWR,6129000.0,153500.0,True
9506,TOHOKU ELEC POWER.,15780900.0,395200.0,True
9507,SHIKOKU ELEC POWER,5582100.0,139800.0,True
9508,KYUSHU ELEC POWER,13817500.0,346000.0,True
9509,HOKKAIDO ELECTRIC,6756100.0,169200.0,True
9511,OKINAWA ELEC POWER,1531200.0,38300.0,True
9513,ELEC POWER DEV,4347900.0,108900.0,True
9514,EF-ON INC,436500.0,10900.0,True
9517,EREX CO LTD,1226400.0,30700.0,True
9519,RENOVA INC,1637100.0,41000.0,True
9531,TOKYO GAS CO,9760500.0,244400.0,True
9532,OSAKA GAS CO,10306700.0,258100.0,True
9533,TOHO GAS CO,8209900.0,205600.0,True
9534,HOKKAIDO GAS CO,1789200.0,44800.0,True
9535,HIROSHIMA GAS CO,1271200.0,31800.0,True
9536,SAIBU GAS HOLDINGS,687700.0,17200.0,True
9543,SHIZUOKA GAS CO LT,1537100.0,38500.0,True
9551,METAWATER CO LTD,793600.0,19900.0,True
9552,QUANTS RESEARCH IN,681800.0,17100.0,True
9601,SHOCHIKU CO LTD,343700.0,8600.0,True
9602,TOHO CO LTD,15242200.0,381700.0,True
9603,H.I.S. CO LTD,1969100.0,49300.0,True
9605,TOEI CO LTD,993100.0,24900.0,True
9612,LUCKLAND CO LTD,259100.0,6500.0,True
9616,KYORITSU MAINTENAN,2454300.0,61500.0,True
9619,ICHINEN HOLDINGS,585900.0,14700.0,True
9621,CTI ENGINEERING CO,634800.0,15900.0,True
9622,SPACE CO LTD,447200.0,11200.0,True
9627,AIN HOLDINGS,714700.0,17900.0,True
9628,SAN HLDGS (JAPAN),515600.0,12900.0,True
9629,PCA CORPORATION,394500.0,9900.0,True
9632,SUBARU ENTERPRISE,208800.0,5200.0,True
9644,TANABE CONSULTING,514400.0,12900.0,True
9658,BUSINESS BRAIN SHO,644400.0,16100.0,True
9663,NAGAWA CO LTD,165000.0,4100.0,True
9672,TOKYOTOKEIBA CO,503600.0,12600.0,True
9678,KANAMOTO CO LTD,906000.0,22700.0,True
9682,DTS CORPORATION,4777600.0,119600.0,True
9684,SQUARE-ENIX HOLDIN,9887600.0,247600.0,True
9692,COMP ENG & CONSULT,709500.0,17800.0,True
9697,CAPCOM CO LTD,11947400.0,299200.0,True
9699,NISHIO HOLDINGS CO,509100.0,12700.0,True
9702,ISB CORPORATION,257500.0,6400.0,True
9706,JAPAN AIRPORT TERM,2087900.0,52300.0,True
9715,TRANSCOSMOS INC,786600.0,19700.0,True
9716,NOMURA CO LTD,2687500.0,67300.0,True
9722,FUJITA KANKO INC,1231300.0,30800.0,True
9726,KNT-CT HLDGS LTD,306300.0,7700.0,True
9729,TOKAI CORP(GIFU),445100.0,11100.0,True
9735,SECOM CO,11504700.0,288100.0,True
9739,NSW INC,267400.0,6700.0,True
9740,CENTRAL SEC PATROL,299000.0,7500.0,True
9742,INES CORPORATION,468500.0,11700.0,True
9743,TANSEISHA CO LTD,1302500.0,32600.0,True
9744,MEITEC GROUP HLDGS,2272900.0,56900.0,True
9746,TKC CORPORATION,997600.0,25000.0,True
9755,OYO CORP,545200.0,13700.0,True
9757,FUNAI SOKEN HOLDIN,2465600.0,61700.0,True
9759,NSD CO.LTD,2120500.0,53100.0,True
9766,KONAMI GROUP CORP,2573200.0,64400.0,True
9769,GAKKYUSHA CO LTD,246100.0,6200.0,True
9788,NAC CO LTD,586600.0,14700.0,True
9790,FUKUI COMPUTER HLD,324800.0,8100.0,True
9793,DAISEKI CO LTD,1183500.0,29600.0,True
9795,STEP CO LTD,224200.0,5600.0,True
9824,SENSHU ELECTRIC CO,484200.0,12100.0,True
9828,GENKI GLOBAL DININ,358400.0,9000.0,True
9830,TRUSCO NAKAYAMA,1479600.0,37100.0,True
9831,YAMADA HOLDINGS CO,19505000.0,488400.0,True
9832,AUTOBACS SEVEN CO,2207100.0,55300.0,True
9837,MORITO CO LTD,540600.0,13500.0,True
9842,ARCLANDS CORP,1886300.0,47200.0,True
9843,NITORI HOLDINGS,10261000.0,257000.0,True
9850,GOURMET KINEYA CO,513500.0,12900.0,True
9856,KU HOLDINGS CO LTD,445100.0,11100.0,True
9861,YOSHINOYA HOLDINGS,2335800.0,58500.0,True
9869,KATO SANGYO CO,784500.0,19600.0,True
9880,INNOTECH CORP(JPN),399200.0,10000.0,True
9882,YELLOW HAT LTD,1542500.0,38600.0,True
9887,MATSUYA FOODS HOLD,321100.0,8000.0,True
9889,JBCC HOLDINGS INC,1593600.0,39900.0,True
9896,JK HOLDINGS,417500.0,10500.0,True
9900,SAGAMI HOLDINGS CO,2037600.0,51000.0,True
9902,NICHIDEN CORP,353000.0,8800.0,True
9928,MIROKU JYOHO SERV,506900.0,12700.0,True
9932,SUGIMOTO & CO,511000.0,12800.0,True
9934,INABA DENKISANGYO,3312000.0,82900.0,True
9936,OHSHO FOOD SERVICE,1308400.0,32800.0,True
9946,MINISTOP CO LTD,460900.0,11500.0,True
9948,ARCS COMPANY LTD,1066200.0,26700.0,True
9956,VALOR HOLDINGS,1315400.0,32900.0,True
9960,TOTECH CORP,705500.0,17700.0,True
9962,MISUMI GROUP INC,8953100.0,224200.0,True
9974,BELC CO LTD,280800.0,7000.0,True
9979,DAISYO CORP,380100.0,9500.0,True
9983,FAST RETAILING CO,4279700.0,107200.0,True
9984,SOFTBANK GROUP CO,115227800.0,2885500.0,True
9987,SUZUKEN CO LTD,2102900.0,52700.0,True
9989,SUNDRUG CO LTD,1872400.0,46900.0,True
9990,SACS BAR HOLDINGS,535400.0,13400.0,True
9991,GECOSS CORPORATION,454500.0,11400.0,True
9997,BELLUNA CO LTD,1525800.0,38200.0,True
0,TOPIX 2612,7166.0,0.0,False
0,TOPIX FUTURES DEC.2026,0.0,511.0,False
