SNAPSHOT_DATE,WINDOW,GROUP,CATEGORY,RANK,CODE,NAME,VALUE
20261009,3D,ALL,BUY_STOCK,1,8951,日本ビルファンド投資法人,232906300.0
20261009,3D,ALL,BUY_STOCK,2,1801,大成建設,229489383.0
20261009,3D,ALL,BUY_STOCK,3,8952,ジャパンリアルエステイト投資法人,179663600.0
20261009,3D,ALL,BUY_STOCK,4,8953,日本都市ファンド投資法人,177253000.0
20261009,3D,ALL,BUY_STOCK,5,3281,ＧＬＰ投資法人,143232400.0
20261009,3D,ALL,BUY_STOCK,6,3462,野村不動産マスターファンド投資法人,140941000.0
20261009,3D,ALL,BUY_STOCK,7,8972,ＫＤＸ不動産投資法人,134354000.0
20261009,3D,ALL,BUY_STOCK,8,3283,日本プロロジスリート投資法人,133555000.0
20261009,3D,ALL,BUY_STOCK,9,3105,日清紡ホールディングス,132782400.0
20261009,3D,ALL,BUY_STOCK,10,6960,フクダ電子,113235000.0
20261009,3D,ALL,SELL_STOCK,1,6857,アドバンテスト,-10979107723.0
20261009,3D,ALL,SELL_STOCK,2,8035,東京エレクトロン,-8319621639.0
20261009,3D,ALL,SELL_STOCK,3,9983,ファーストリテイリング,-6148090198.0
20261009,3D,ALL,SELL_STOCK,4,9984,ソフトバンクグループ,-5067629279.0
20261009,3D,ALL,SELL_STOCK,5,8306,三菱ＵＦＪフィナンシャル・グループ,-2427418164.0
20261009,3D,ALL,SELL_STOCK,6,6098,リクルートホールディングス,-1777828735.0
20261009,3D,ALL,SELL_STOCK,7,6762,ＴＤＫ,-1766193233.0
20261009,3D,ALL,SELL_STOCK,8,4062,イビデン,-1647741865.0
20261009,3D,ALL,SELL_STOCK,9,8316,三井住友フィナンシャルグループ,-1638710963.0
20261009,3D,ALL,SELL_STOCK,10,4063,信越化学工業,-1576026227.0
20261009,3D,ALL,BUY_SECTOR,1,,-,3047907100.0
20261009,3D,ALL,BUY_SECTOR,2,,倉庫・運輸関連業,2826090.0
20261009,3D,ALL,BUY_SECTOR,3,,水産・農林業,-36632250.0
20261009,3D,ALL,BUY_SECTOR,4,,繊維製品,-61141619.0
20261009,3D,ALL,BUY_SECTOR,5,,パルプ・紙,-81963837.0
20261009,3D,ALL,BUY_SECTOR,6,,空運業,-115353057.0
20261009,3D,ALL,BUY_SECTOR,7,,鉱業,-132327279.0
20261009,3D,ALL,BUY_SECTOR,8,,金属製品,-177311154.0
20261009,3D,ALL,BUY_SECTOR,9,,電気・ガス業,-199362573.0
20261009,3D,ALL,BUY_SECTOR,10,,石油・石炭製品,-202426909.0
20261009,3D,ALL,SELL_SECTOR,1,,電気機器,-34131848722.0
20261009,3D,ALL,SELL_SECTOR,2,,情報・通信業,-8312585265.0
20261009,3D,ALL,SELL_SECTOR,3,,銀行業,-8187685713.0
20261009,3D,ALL,SELL_SECTOR,4,,小売業,-7640234383.0
20261009,3D,ALL,SELL_SECTOR,5,,化学,-4472455259.0
20261009,3D,ALL,SELL_SECTOR,6,,機械,-3943747525.0
20261009,3D,ALL,SELL_SECTOR,7,,卸売業,-3287472555.0
20261009,3D,ALL,SELL_SECTOR,8,,サービス業,-3062179782.0
20261009,3D,ALL,SELL_SECTOR,9,,非鉄金属,-2840957404.0
20261009,3D,ALL,SELL_SECTOR,10,,医薬品,-2676321826.0
20261009,3D,ACTIVE,BUY_STOCK,1,1801,大成建設,321275000.0
20261009,3D,ACTIVE,BUY_STOCK,2,5301,東海カーボン,185427500.0
20261009,3D,ACTIVE,BUY_STOCK,3,1812,鹿島建設,172162000.0
20261009,3D,ACTIVE,BUY_STOCK,4,3105,日清紡ホールディングス,131952000.0
20261009,3D,ACTIVE,BUY_STOCK,5,5803,フジクラ,49956286.0
20261009,3D,ACTIVE,BUY_STOCK,6,8253,クレディセゾン,41798843.0
20261009,3D,ACTIVE,BUY_STOCK,7,9021,西日本旅客鉄道,39552450.0
20261009,3D,ACTIVE,BUY_STOCK,8,1928,積水ハウス,24892500.0
20261009,3D,ACTIVE,BUY_STOCK,9,4503,アステラス製薬,24777867.0
20261009,3D,ACTIVE,BUY_STOCK,10,5991,日本発條,21424709.0
20261009,3D,ACTIVE,SELL_STOCK,1,8058,三菱商事,-499818018.0
20261009,3D,ACTIVE,SELL_STOCK,2,5802,住友電気工業,-210561362.0
20261009,3D,ACTIVE,SELL_STOCK,3,6752,パナソニック　ホールディングス,-185028200.0
20261009,3D,ACTIVE,SELL_STOCK,4,5706,三井金属,-74263500.0
20261009,3D,ACTIVE,SELL_STOCK,5,7182,ゆうちょ銀行,-55681600.0
20261009,3D,ACTIVE,SELL_STOCK,6,7735,ＳＣＲＥＥＮホールディングス,-52503000.0
20261009,3D,ACTIVE,SELL_STOCK,7,6981,村田製作所,-29144805.0
20261009,3D,ACTIVE,SELL_STOCK,8,6951,日本電子,-27142500.0
20261009,3D,ACTIVE,SELL_STOCK,9,4686,ジャストシステム,-21323000.0
20261009,3D,ACTIVE,SELL_STOCK,10,5938,ＬＩＸＩＬ,-21310600.0
20261009,3D,ACTIVE,BUY_SECTOR,1,,建設業,524084862.0
20261009,3D,ACTIVE,BUY_SECTOR,2,,ガラス・土石製品,181703545.0
20261009,3D,ACTIVE,BUY_SECTOR,3,,陸運業,39564681.0
20261009,3D,ACTIVE,BUY_SECTOR,4,,その他金融業,38348243.0
20261009,3D,ACTIVE,BUY_SECTOR,5,,医薬品,16497718.0
20261009,3D,ACTIVE,BUY_SECTOR,6,,精密機器,5644467.0
20261009,3D,ACTIVE,BUY_SECTOR,7,,金属製品,114109.0
20261009,3D,ACTIVE,BUY_SECTOR,8,,鉱業,-13097.0
20261009,3D,ACTIVE,BUY_SECTOR,9,,海運業,-15407.0
20261009,3D,ACTIVE,BUY_SECTOR,10,,電気・ガス業,-26855.0
20261009,3D,ACTIVE,SELL_SECTOR,1,,卸売業,-526966312.0
20261009,3D,ACTIVE,SELL_SECTOR,2,,非鉄金属,-234860497.0
20261009,3D,ACTIVE,SELL_SECTOR,3,,電気機器,-190764487.0
20261009,3D,ACTIVE,SELL_SECTOR,4,,銀行業,-83823223.0
20261009,3D,ACTIVE,SELL_SECTOR,5,,機械,-19069220.0
20261009,3D,ACTIVE,SELL_SECTOR,6,,情報・通信業,-17611005.0
20261009,3D,ACTIVE,SELL_SECTOR,7,,サービス業,-14791446.0
20261009,3D,ACTIVE,SELL_SECTOR,8,,小売業,-12782409.0
20261009,3D,ACTIVE,SELL_SECTOR,9,,輸送用機器,-11574749.0
20261009,3D,ACTIVE,SELL_SECTOR,10,,化学,-8126299.0
20261009,3D,PASSIVE,BUY_STOCK,1,6960,フクダ電子,113235000.0
20261009,3D,PASSIVE,BUY_STOCK,2,4966,上村工業,4424000.0
20261009,3D,PASSIVE,BUY_STOCK,3,6507,シンフォニアテクノロジー,4368000.0
20261009,3D,PASSIVE,BUY_STOCK,4,3349,コスモス薬品,3773272.0
20261009,3D,PASSIVE,BUY_STOCK,5,9435,光通信,3541888.0
20261009,3D,PASSIVE,BUY_STOCK,6,3197,すかいらーくホールディングス,3228592.0
20261009,3D,PASSIVE,BUY_STOCK,7,6869,シスメックス,3202364.0
20261009,3D,PASSIVE,BUY_STOCK,8,5805,ＳＷＣＣ,3174900.0
20261009,3D,PASSIVE,BUY_STOCK,9,7564,ワークマン,3150000.0
20261009,3D,PASSIVE,BUY_STOCK,10,7181,かんぽ生命保険,3106346.0
20261009,3D,PASSIVE,SELL_STOCK,1,6857,アドバンテスト,-10966859996.0
20261009,3D,PASSIVE,SELL_STOCK,2,8035,東京エレクトロン,-8327259530.0
20261009,3D,PASSIVE,SELL_STOCK,3,9983,ファーストリテイリング,-6148099924.0
20261009,3D,PASSIVE,SELL_STOCK,4,9984,ソフトバンクグループ,-5067629279.0
20261009,3D,PASSIVE,SELL_STOCK,5,8306,三菱ＵＦＪフィナンシャル・グループ,-2406692861.0
20261009,3D,PASSIVE,SELL_STOCK,6,6762,ＴＤＫ,-1783923926.0
20261009,3D,PASSIVE,SELL_STOCK,7,6098,リクルートホールディングス,-1777858432.0
20261009,3D,PASSIVE,SELL_STOCK,8,4062,イビデン,-1647741714.0
20261009,3D,PASSIVE,SELL_STOCK,9,8316,三井住友フィナンシャルグループ,-1638650482.0
20261009,3D,PASSIVE,SELL_STOCK,10,4063,信越化学工業,-1576011762.0
20261009,3D,PASSIVE,BUY_SECTOR,1,,倉庫・運輸関連業,2826090.0
20261009,3D,PASSIVE,BUY_SECTOR,2,,水産・農林業,-36632250.0
20261009,3D,PASSIVE,BUY_SECTOR,3,,繊維製品,-61141619.0
20261009,3D,PASSIVE,BUY_SECTOR,4,,パルプ・紙,-81963837.0
20261009,3D,PASSIVE,BUY_SECTOR,5,,空運業,-115353057.0
20261009,3D,PASSIVE,BUY_SECTOR,6,,鉱業,-132314182.0
20261009,3D,PASSIVE,BUY_SECTOR,7,,金属製品,-177425263.0
20261009,3D,PASSIVE,BUY_SECTOR,8,,電気・ガス業,-199335718.0
20261009,3D,PASSIVE,BUY_SECTOR,9,,石油・石炭製品,-202396228.0
20261009,3D,PASSIVE,BUY_SECTOR,10,,証券、商品先物取引業,-269776800.0
20261009,3D,PASSIVE,SELL_SECTOR,1,,電気機器,-33941084235.0
20261009,3D,PASSIVE,SELL_SECTOR,2,,情報・通信業,-8294974260.0
20261009,3D,PASSIVE,SELL_SECTOR,3,,銀行業,-8103862489.0
20261009,3D,PASSIVE,SELL_SECTOR,4,,小売業,-7627451974.0
20261009,3D,PASSIVE,SELL_SECTOR,5,,化学,-4464328960.0
20261009,3D,PASSIVE,SELL_SECTOR,6,,機械,-3924678304.0
20261009,3D,PASSIVE,SELL_SECTOR,7,,サービス業,-3047388336.0
20261009,3D,PASSIVE,SELL_SECTOR,8,,卸売業,-2760506244.0
20261009,3D,PASSIVE,SELL_SECTOR,9,,医薬品,-2692819544.0
20261009,3D,PASSIVE,SELL_SECTOR,10,,非鉄金属,-2606096907.0
20261009,5D,ALL,BUY_STOCK,1,9983,ファーストリテイリング,2789163139.0
20261009,5D,ALL,BUY_STOCK,2,9984,ソフトバンクグループ,2607144161.0
20261009,5D,ALL,BUY_STOCK,3,6857,アドバンテスト,1104263991.0
20261009,5D,ALL,BUY_STOCK,4,8035,東京エレクトロン,808744778.0
20261009,5D,ALL,BUY_STOCK,5,4062,イビデン,669402158.0
20261009,5D,ALL,BUY_STOCK,6,6762,ＴＤＫ,602320185.0
20261009,5D,ALL,BUY_STOCK,7,8951,日本ビルファンド投資法人,590557500.0
20261009,5D,ALL,BUY_STOCK,8,9433,ＫＤＤＩ,485549614.0
20261009,5D,ALL,BUY_STOCK,9,8952,ジャパンリアルエステイト投資法人,455181900.0
20261009,5D,ALL,BUY_STOCK,10,8953,日本都市ファンド投資法人,442192700.0
20261009,5D,ALL,SELL_STOCK,1,8306,三菱ＵＦＪフィナンシャル・グループ,-53133535615.0
20261009,5D,ALL,SELL_STOCK,2,9508,九州電力,-43378376359.0
20261009,5D,ALL,SELL_STOCK,3,8316,三井住友フィナンシャルグループ,-34122722753.0
20261009,5D,ALL,SELL_STOCK,4,8411,みずほフィナンシャルグループ,-28231590707.0
20261009,5D,ALL,SELL_STOCK,5,7182,ゆうちょ銀行,-8630271958.0
20261009,5D,ALL,SELL_STOCK,6,7240,ＮＯＫ,-8549655400.0
20261009,5D,ALL,SELL_STOCK,7,8308,りそなホールディングス,-7353517992.0
20261009,5D,ALL,SELL_STOCK,8,8309,三井住友トラストグループ,-5706248708.0
20261009,5D,ALL,SELL_STOCK,9,6486,イーグル工業,-2566570500.0
20261009,5D,ALL,SELL_STOCK,10,7186,横浜フィナンシャルグループ,-2288017837.0
20261009,5D,ALL,BUY_SECTOR,1,,-,7385581700.0
20261009,5D,ALL,BUY_SECTOR,2,,小売業,2918406141.0
20261009,5D,ALL,BUY_SECTOR,3,,情報・通信業,2464847520.0
20261009,5D,ALL,BUY_SECTOR,4,,不動産業,719396417.0
20261009,5D,ALL,BUY_SECTOR,5,,石油・石炭製品,592095193.0
20261009,5D,ALL,BUY_SECTOR,6,,鉱業,347670686.0
20261009,5D,ALL,BUY_SECTOR,7,,建設業,291941057.0
20261009,5D,ALL,BUY_SECTOR,8,,ガラス・土石製品,268898362.0
20261009,5D,ALL,BUY_SECTOR,9,,医薬品,168159636.0
20261009,5D,ALL,BUY_SECTOR,10,,サービス業,118459438.0
20261009,5D,ALL,SELL_SECTOR,1,,銀行業,-171254338537.0
20261009,5D,ALL,SELL_SECTOR,2,,電気・ガス業,-44621472179.0
20261009,5D,ALL,SELL_SECTOR,3,,輸送用機器,-8739167073.0
20261009,5D,ALL,SELL_SECTOR,4,,機械,-3582719699.0
20261009,5D,ALL,SELL_SECTOR,5,,非鉄金属,-3249371187.0
20261009,5D,ALL,SELL_SECTOR,6,,卸売業,-1903449502.0
20261009,5D,ALL,SELL_SECTOR,7,,電気機器,-1451094651.0
20261009,5D,ALL,SELL_SECTOR,8,,鉄鋼,-1059590661.0
20261009,5D,ALL,SELL_SECTOR,9,,化学,-1042700926.0
20261009,5D,ALL,SELL_SECTOR,10,,保険業,-837936204.0
20261009,5D,ACTIVE,BUY_STOCK,1,1801,大成建設,321275000.0
20261009,5D,ACTIVE,BUY_STOCK,2,5301,東海カーボン,185427500.0
20261009,5D,ACTIVE,BUY_STOCK,3,1812,鹿島建設,172162000.0
20261009,5D,ACTIVE,BUY_STOCK,4,3105,日清紡ホールディングス,131952000.0
20261009,5D,ACTIVE,BUY_STOCK,5,8972,ＫＤＸ不動産投資法人,104896000.0
20261009,5D,ACTIVE,BUY_STOCK,6,5803,フジクラ,68838909.0
20261009,5D,ACTIVE,BUY_STOCK,7,8253,クレディセゾン,41782947.0
20261009,5D,ACTIVE,BUY_STOCK,8,9021,西日本旅客鉄道,39552450.0
20261009,5D,ACTIVE,BUY_STOCK,9,1928,積水ハウス,24892500.0
20261009,5D,ACTIVE,BUY_STOCK,10,4503,アステラス製薬,24749283.0
20261009,5D,ACTIVE,SELL_STOCK,1,8058,三菱商事,-499881873.0
20261009,5D,ACTIVE,SELL_STOCK,2,5802,住友電気工業,-210612537.0
20261009,5D,ACTIVE,SELL_STOCK,3,6752,パナソニック　ホールディングス,-185028200.0
20261009,5D,ACTIVE,SELL_STOCK,4,9508,九州電力,-184833800.0
20261009,5D,ACTIVE,SELL_STOCK,5,7240,ＮＯＫ,-95110600.0
20261009,5D,ACTIVE,SELL_STOCK,6,5706,三井金属,-74263500.0
20261009,5D,ACTIVE,SELL_STOCK,7,3249,産業ファンド投資法人,-64746000.0
20261009,5D,ACTIVE,SELL_STOCK,8,8986,大和証券リビング投資法人,-55377000.0
20261009,5D,ACTIVE,SELL_STOCK,9,7735,ＳＣＲＥＥＮホールディングス,-50924500.0
20261009,5D,ACTIVE,SELL_STOCK,10,7182,ゆうちょ銀行,-44131800.0
20261009,5D,ACTIVE,BUY_SECTOR,1,,建設業,506148325.0
20261009,5D,ACTIVE,BUY_SECTOR,2,,ガラス・土石製品,188438783.0
20261009,5D,ACTIVE,BUY_SECTOR,3,,陸運業,39559325.0
20261009,5D,ACTIVE,BUY_SECTOR,4,,その他金融業,38332347.0
20261009,5D,ACTIVE,BUY_SECTOR,5,,化学,6736514.0
20261009,5D,ACTIVE,BUY_SECTOR,6,,パルプ・紙,3745000.0
20261009,5D,ACTIVE,BUY_SECTOR,7,,金属製品,98406.0
20261009,5D,ACTIVE,BUY_SECTOR,8,,鉱業,-24366.0
20261009,5D,ACTIVE,BUY_SECTOR,9,,海運業,-28625.0
20261009,5D,ACTIVE,BUY_SECTOR,10,,石油・石炭製品,-56951.0
20261009,5D,ACTIVE,SELL_SECTOR,1,,卸売業,-511729451.0
20261009,5D,ACTIVE,SELL_SECTOR,2,,非鉄金属,-210557666.0
20261009,5D,ACTIVE,SELL_SECTOR,3,,電気機器,-189163492.0
20261009,5D,ACTIVE,SELL_SECTOR,4,,電気・ガス業,-184884223.0
20261009,5D,ACTIVE,SELL_SECTOR,5,,輸送用機器,-118069854.0
20261009,5D,ACTIVE,SELL_SECTOR,6,,銀行業,-75818402.0
20261009,5D,ACTIVE,SELL_SECTOR,7,,情報・通信業,-70903535.0
20261009,5D,ACTIVE,SELL_SECTOR,8,,機械,-28033874.0
20261009,5D,ACTIVE,SELL_SECTOR,9,,サービス業,-15880928.0
20261009,5D,ACTIVE,SELL_SECTOR,10,,食料品,-5703284.0
20261009,5D,PASSIVE,BUY_STOCK,1,9983,ファーストリテイリング,2796628104.0
20261009,5D,PASSIVE,BUY_STOCK,2,9984,ソフトバンクグループ,2623386661.0
20261009,5D,PASSIVE,BUY_STOCK,3,6857,アドバンテスト,1128883114.0
20261009,5D,PASSIVE,BUY_STOCK,4,8035,東京エレクトロン,802493700.0
20261009,5D,PASSIVE,BUY_STOCK,5,4062,イビデン,669405998.0
20261009,5D,PASSIVE,BUY_STOCK,6,6762,ＴＤＫ,590487616.0
20261009,5D,PASSIVE,BUY_STOCK,7,9433,ＫＤＤＩ,500303914.0
20261009,5D,PASSIVE,BUY_STOCK,8,6971,京セラ,408712784.0
20261009,5D,PASSIVE,BUY_STOCK,9,5020,ＥＮＥＯＳホールディングス,373248159.0
20261009,5D,PASSIVE,BUY_STOCK,10,6954,ファナック,356878781.0
20261009,5D,PASSIVE,SELL_STOCK,1,8306,三菱ＵＦＪフィナンシャル・グループ,-53094268609.0
20261009,5D,PASSIVE,SELL_STOCK,2,9508,九州電力,-43101440359.0
20261009,5D,PASSIVE,SELL_STOCK,3,8316,三井住友フィナンシャルグループ,-34107038521.0
20261009,5D,PASSIVE,SELL_STOCK,4,8411,みずほフィナンシャルグループ,-28215842543.0
20261009,5D,PASSIVE,SELL_STOCK,5,7182,ゆうちょ銀行,-8569834558.0
20261009,5D,PASSIVE,SELL_STOCK,6,7240,ＮＯＫ,-8433038900.0
20261009,5D,PASSIVE,SELL_STOCK,7,8308,りそなホールディングス,-7353517992.0
20261009,5D,PASSIVE,SELL_STOCK,8,8309,三井住友トラストグループ,-5703089708.0
20261009,5D,PASSIVE,SELL_STOCK,9,6486,イーグル工業,-2566570500.0
20261009,5D,PASSIVE,SELL_STOCK,10,7186,横浜フィナンシャルグループ,-2288017837.0
20261009,5D,PASSIVE,BUY_SECTOR,1,,小売業,2958057147.0
20261009,5D,PASSIVE,BUY_SECTOR,2,,情報・通信業,2644277615.0
20261009,5D,PASSIVE,BUY_SECTOR,3,,不動産業,746676154.0
20261009,5D,PASSIVE,BUY_SECTOR,4,,石油・石炭製品,592152145.0
20261009,5D,PASSIVE,BUY_SECTOR,5,,鉱業,359410252.0
20261009,5D,PASSIVE,BUY_SECTOR,6,,医薬品,235006376.0
20261009,5D,PASSIVE,BUY_SECTOR,7,,サービス業,194763866.0
20261009,5D,PASSIVE,BUY_SECTOR,8,,ガラス・土石製品,80459579.0
20261009,5D,PASSIVE,BUY_SECTOR,9,,ゴム製品,33978223.0
20261009,5D,PASSIVE,BUY_SECTOR,10,,水産・農林業,3965300.0
20261009,5D,PASSIVE,SELL_SECTOR,1,,銀行業,-171112749735.0
20261009,5D,PASSIVE,SELL_SECTOR,2,,電気・ガス業,-44314421256.0
20261009,5D,PASSIVE,SELL_SECTOR,3,,輸送用機器,-8568299969.0
20261009,5D,PASSIVE,SELL_SECTOR,4,,機械,-3526613625.0
20261009,5D,PASSIVE,SELL_SECTOR,5,,非鉄金属,-3029238521.0
20261009,5D,PASSIVE,SELL_SECTOR,6,,卸売業,-1330286851.0
20261009,5D,PASSIVE,SELL_SECTOR,7,,電気機器,-1111313358.0
20261009,5D,PASSIVE,SELL_SECTOR,8,,鉄鋼,-1046475909.0
20261009,5D,PASSIVE,SELL_SECTOR,9,,化学,-1008938000.0
20261009,5D,PASSIVE,SELL_SECTOR,10,,保険業,-802093102.0
20261009,10D,ALL,BUY_STOCK,1,8035,東京エレクトロン,2613469952763.0
20261009,10D,ALL,BUY_STOCK,2,8766,東京海上ホールディングス,824999361005.0
20261009,10D,ALL,BUY_STOCK,3,8316,三井住友フィナンシャルグループ,682944822477.0
20261009,10D,ALL,BUY_STOCK,4,4062,イビデン,403073303418.0
20261009,10D,ALL,BUY_STOCK,5,6525,ＫＯＫＵＳＡＩ　ＥＬＥＣＴＲＩＣ,120405864506.0
20261009,10D,ALL,BUY_STOCK,6,1925,大和ハウス工業,93469670436.0
20261009,10D,ALL,BUY_STOCK,7,5706,三井金属,73302019815.0
20261009,10D,ALL,BUY_STOCK,8,9697,カプコン,55456652933.0
20261009,10D,ALL,BUY_STOCK,9,5016,ＪＸ金属,44879479754.0
20261009,10D,ALL,BUY_STOCK,10,3099,三越伊勢丹ホールディングス,44526386141.0
20261009,10D,ALL,SELL_STOCK,1,6857,アドバンテスト,-340074587841.0
20261009,10D,ALL,SELL_STOCK,2,9508,九州電力,-43567378515.0
20261009,10D,ALL,SELL_STOCK,3,7240,ＮＯＫ,-8622441150.0
20261009,10D,ALL,SELL_STOCK,4,4902,コニカミノルタ,-8138722360.0
20261009,10D,ALL,SELL_STOCK,5,1812,鹿島建設,-7463134091.0
20261009,10D,ALL,SELL_STOCK,6,4722,フューチャー,-3794172200.0
20261009,10D,ALL,SELL_STOCK,7,7004,カナデビア,-3003816800.0
20261009,10D,ALL,SELL_STOCK,8,6486,イーグル工業,-2554585900.0
20261009,10D,ALL,SELL_STOCK,9,3626,ＴＩＳＩ,-2011858341.0
20261009,10D,ALL,SELL_STOCK,10,4183,三井化学,-1488997743.0
20261009,10D,ALL,BUY_SECTOR,1,,電気機器,2831916101726.0
20261009,10D,ALL,BUY_SECTOR,2,,保険業,835729049989.0
20261009,10D,ALL,BUY_SECTOR,3,,銀行業,796291237413.0
20261009,10D,ALL,BUY_SECTOR,4,,非鉄金属,134236606916.0
20261009,10D,ALL,BUY_SECTOR,5,,建設業,99317199163.0
20261009,10D,ALL,BUY_SECTOR,6,,小売業,69171007088.0
20261009,10D,ALL,BUY_SECTOR,7,,情報・通信業,67716677188.0
20261009,10D,ALL,BUY_SECTOR,8,,その他製品,47182077708.0
20261009,10D,ALL,BUY_SECTOR,9,,食料品,42627568965.0
20261009,10D,ALL,BUY_SECTOR,10,,ガラス・土石製品,36090755670.0
20261009,10D,ALL,SELL_SECTOR,1,,電気・ガス業,-41045140496.0
20261009,10D,ALL,SELL_SECTOR,2,,空運業,73662464.0
20261009,10D,ALL,SELL_SECTOR,3,,パルプ・紙,233891065.0
20261009,10D,ALL,SELL_SECTOR,4,,水産・農林業,246741600.0
20261009,10D,ALL,SELL_SECTOR,5,,倉庫・運輸関連業,282107704.0
20261009,10D,ALL,SELL_SECTOR,6,,金属製品,439730946.0
20261009,10D,ALL,SELL_SECTOR,7,,ゴム製品,594772330.0
20261009,10D,ALL,SELL_SECTOR,8,,鉄鋼,1218753184.0
20261009,10D,ALL,SELL_SECTOR,9,,鉱業,1509791847.0
20261009,10D,ALL,SELL_SECTOR,10,,海運業,1867204892.0
20261009,10D,ACTIVE,BUY_STOCK,1,8766,東京海上ホールディングス,504370312.0
20261009,10D,ACTIVE,BUY_STOCK,2,8035,東京エレクトロン,384182742.0
20261009,10D,ACTIVE,BUY_STOCK,3,1801,大成建設,366071000.0
20261009,10D,ACTIVE,BUY_STOCK,4,1812,鹿島建設,197895300.0
20261009,10D,ACTIVE,BUY_STOCK,5,8316,三井住友フィナンシャルグループ,193475367.0
20261009,10D,ACTIVE,BUY_STOCK,6,5301,東海カーボン,185427500.0
20261009,10D,ACTIVE,BUY_STOCK,7,3105,日清紡ホールディングス,131952000.0
20261009,10D,ACTIVE,BUY_STOCK,8,8972,ＫＤＸ不動産投資法人,104896000.0
20261009,10D,ACTIVE,BUY_STOCK,9,5803,フジクラ,103981739.0
20261009,10D,ACTIVE,BUY_STOCK,10,5334,日本特殊陶業,50893217.0
20261009,10D,ACTIVE,SELL_STOCK,1,8058,三菱商事,-495153132.0
20261009,10D,ACTIVE,SELL_STOCK,2,5802,住友電気工業,-211774574.0
20261009,10D,ACTIVE,SELL_STOCK,3,9508,九州電力,-201827600.0
20261009,10D,ACTIVE,SELL_STOCK,4,6752,パナソニック　ホールディングス,-181885200.0
20261009,10D,ACTIVE,SELL_STOCK,5,7240,ＮＯＫ,-95110600.0
20261009,10D,ACTIVE,SELL_STOCK,6,3249,産業ファンド投資法人,-70695000.0
20261009,10D,ACTIVE,SELL_STOCK,7,7182,ゆうちょ銀行,-57546000.0
20261009,10D,ACTIVE,SELL_STOCK,8,8986,大和証券リビング投資法人,-50927000.0
20261009,10D,ACTIVE,SELL_STOCK,9,7735,ＳＣＲＥＥＮホールディングス,-48983500.0
20261009,10D,ACTIVE,SELL_STOCK,10,8306,三菱ＵＦＪフィナンシャル・グループ,-46005427.0
20261009,10D,ACTIVE,BUY_SECTOR,1,,建設業,570956332.0
20261009,10D,ACTIVE,BUY_SECTOR,2,,保険業,489788775.0
20261009,10D,ACTIVE,BUY_SECTOR,3,,電気機器,264426202.0
20261009,10D,ACTIVE,BUY_SECTOR,4,,ガラス・土石製品,236408429.0
20261009,10D,ACTIVE,BUY_SECTOR,5,,-,81838000.0
20261009,10D,ACTIVE,BUY_SECTOR,6,,銀行業,54551942.0
20261009,10D,ACTIVE,BUY_SECTOR,7,,陸運業,40821649.0
20261009,10D,ACTIVE,BUY_SECTOR,8,,その他金融業,31646830.0
20261009,10D,ACTIVE,BUY_SECTOR,9,,化学,31620201.0
20261009,10D,ACTIVE,BUY_SECTOR,10,,小売業,30136791.0
20261009,10D,ACTIVE,SELL_SECTOR,1,,卸売業,-567666622.0
20261009,10D,ACTIVE,SELL_SECTOR,2,,電気・ガス業,-206091679.0
20261009,10D,ACTIVE,SELL_SECTOR,3,,輸送用機器,-139780715.0
20261009,10D,ACTIVE,SELL_SECTOR,4,,非鉄金属,-90063521.0
20261009,10D,ACTIVE,SELL_SECTOR,5,,情報・通信業,-87487269.0
20261009,10D,ACTIVE,SELL_SECTOR,6,,サービス業,-72123131.0
20261009,10D,ACTIVE,SELL_SECTOR,7,,精密機器,-28701752.0
20261009,10D,ACTIVE,SELL_SECTOR,8,,食料品,-13999946.0
20261009,10D,ACTIVE,SELL_SECTOR,9,,石油・石炭製品,-12601731.0
20261009,10D,ACTIVE,SELL_SECTOR,10,,不動産業,-10017851.0
20261009,10D,PASSIVE,BUY_STOCK,1,8035,東京エレクトロン,2612938231021.0
20261009,10D,PASSIVE,BUY_STOCK,2,8766,東京海上ホールディングス,824313528293.0
20261009,10D,PASSIVE,BUY_STOCK,3,8316,三井住友フィナンシャルグループ,682666555611.0
20261009,10D,PASSIVE,BUY_STOCK,4,4062,イビデン,403033842662.0
20261009,10D,PASSIVE,BUY_STOCK,5,6525,ＫＯＫＵＳＡＩ　ＥＬＥＣＴＲＩＣ,120405864506.0
20261009,10D,PASSIVE,BUY_STOCK,6,1925,大和ハウス工業,93366801324.0
20261009,10D,PASSIVE,BUY_STOCK,7,5706,三井金属,73302899815.0
20261009,10D,PASSIVE,BUY_STOCK,8,9697,カプコン,55477484933.0
20261009,10D,PASSIVE,BUY_STOCK,9,5016,ＪＸ金属,44880649151.0
20261009,10D,PASSIVE,BUY_STOCK,10,3099,三越伊勢丹ホールディングス,44519229761.0
20261009,10D,PASSIVE,SELL_STOCK,1,6857,アドバンテスト,-340093081765.0
20261009,10D,PASSIVE,SELL_STOCK,2,9508,九州電力,-43245755115.0
20261009,10D,PASSIVE,SELL_STOCK,3,7240,ＮＯＫ,-8499463750.0
20261009,10D,PASSIVE,SELL_STOCK,4,4902,コニカミノルタ,-8138722360.0
20261009,10D,PASSIVE,SELL_STOCK,5,1812,鹿島建設,-7661029391.0
20261009,10D,PASSIVE,SELL_STOCK,6,4722,フューチャー,-3794172200.0
20261009,10D,PASSIVE,SELL_STOCK,7,7004,カナデビア,-3003816800.0
20261009,10D,PASSIVE,SELL_STOCK,8,6486,イーグル工業,-2554585900.0
20261009,10D,PASSIVE,SELL_STOCK,9,3626,ＴＩＳＩ,-2011465041.0
20261009,10D,PASSIVE,SELL_STOCK,10,4183,三井化学,-1469464593.0
20261009,10D,PASSIVE,BUY_SECTOR,1,,電気機器,2831303351474.0
20261009,10D,PASSIVE,BUY_SECTOR,2,,保険業,835069268665.0
20261009,10D,PASSIVE,BUY_SECTOR,3,,銀行業,796203571171.0
20261009,10D,PASSIVE,BUY_SECTOR,4,,非鉄金属,134337812636.0
20261009,10D,PASSIVE,BUY_SECTOR,5,,建設業,98451427332.0
20261009,10D,PASSIVE,BUY_SECTOR,6,,小売業,69179772057.0
20261009,10D,PASSIVE,BUY_SECTOR,7,,情報・通信業,67931402267.0
20261009,10D,PASSIVE,BUY_SECTOR,8,,その他製品,47202331361.0
20261009,10D,PASSIVE,BUY_SECTOR,9,,食料品,42680516011.0
20261009,10D,PASSIVE,BUY_SECTOR,10,,ガラス・土石製品,35885955742.0
20261009,10D,PASSIVE,SELL_SECTOR,1,,電気・ガス業,-40670918517.0
20261009,10D,PASSIVE,SELL_SECTOR,2,,-,-938000.0
20261009,10D,PASSIVE,SELL_SECTOR,3,,空運業,93806964.0
20261009,10D,PASSIVE,SELL_SECTOR,4,,パルプ・紙,218197725.0
20261009,10D,PASSIVE,SELL_SECTOR,5,,ゴム製品,243528630.0
20261009,10D,PASSIVE,SELL_SECTOR,6,,水産・農林業,246741600.0
20261009,10D,PASSIVE,SELL_SECTOR,7,,倉庫・運輸関連業,281630404.0
20261009,10D,PASSIVE,SELL_SECTOR,8,,金属製品,461347168.0
20261009,10D,PASSIVE,SELL_SECTOR,9,,鉄鋼,1294356093.0
20261009,10D,PASSIVE,SELL_SECTOR,10,,鉱業,1548311101.0
