ETF_CODE,ETF_NAME_JP,ETF_TYPE,LIST_DATE,LOT_SIZE,SECTOR,ASSET_CLASS,TOP_BUY_STOCK,NET_FLOW
1305,iFreeETF TOPIX（年1回決算型）,PASSIVE,2001/7/13,10.0,Other,JP Equity,,0.0
1306,NEXT FUNDS TOPIX連動型上場投信,PASSIVE,2001/7/13,10.0,Market,JP Equity,,-3132200.0
1308,上場インデックスファンドTOPIX,PASSIVE,2002/1/9,1.0,Market,JP Equity,,0.0
1311,NEXT FUNDS TOPIX Core 30 連動型上場投信,PASSIVE,2002/4/3,1.0,Market,JP Equity,,0.0
1319,NEXT FUNDS 日経300株価指数連動型上場投信,PASSIVE,1995/5/29,1000.0,Market,JP Equity,,0.0
1320,iFreeETF 日経225（年1回決算型）,PASSIVE,2001/7/13,1.0,Market,JP Equity,,0.0
1321,NEXT FUNDS 日経225連動型上場投信,PASSIVE,2001/7/13,1.0,Market,JP Equity,,0.0
1322,上場インデックスファンド中国A株(パン,PASSIVE,2008/4/11,1.0,Other,JP Equity,,0.0
1325,NEXT FUNDS ブラジル株式指数･ボベスパ連動型上場投信,PASSIVE,2008/7/18,10.0,Other,JP Equity,,0.0
1328,NEXT FUNDS 金価格連動型上場投信,PASSIVE,2007/8/10,1.0,Other,JP Equity,,0.0
1329,iシェアーズ･コア 日経225 ETF,PASSIVE,2001/9/5,1.0,Market,JP Equity,ソフトバンクグループ,366700.0
1330,上場インデックスファンド225,PASSIVE,2001/7/13,1.0,Market,JP Equity,,0.0
133A,グローバルＸ 超短期米国債 ETF,PASSIVE,2024/1/31,1.0,Bond,Bond,,0.0
1343,NEXT FUNDS 東証REIT指数連動型上場投信,REIT,2008/9/18,10.0,Other,JP Equity,,0.0
1345,上場インデックスファンドJリート(東証REIT指数)隔月分配型,REIT,2008/10/21,1.0,Other,JP Equity,,0.0
1346,MAXIS 日経225上場投信,PASSIVE,2009/2/25,1.0,Market,JP Equity,,0.0
1348,MAXIS トピックス上場投信,PASSIVE,2009/5/15,1.0,Market,JP Equity,,0.0
1356, TOPIXベア2倍上場投信,LEVERAGED_INVERSE, 2014/5/29,10.0,Leveraged,Leveraged/Inverse,,0.0
1357,NEXT FUNDS 日経平均ダブルインバース･インデックス連動型上場投信,LEVERAGED_INVERSE,2014/7/16,1.0,Leveraged,Leveraged/Inverse,,0.0
1358,上場インデックスファンド日経レバレッジ指数 ,LEVERAGED_INVERSE,2014/8/26,1.0,Market,JP Equity,,0.0
1360,日経平均ベア2倍上場投信,LEVERAGED_INVERSE, 2014/11/11,10.0,Leveraged,Leveraged/Inverse,,0.0
1364,iシェアーズ JPX日経400 ETF,PASSIVE,2014/12/2,1.0,Market,JP Equity,,0.0
1365, iFreeETF 日経平均レバレッジ・インデックス ,LEVERAGED_INVERSE, 2015/1/6,1.0,Market,JP Equity,,0.0
1366, iFreeETF 日経平均ダブルインバース・インデックス,LEVERAGED_INVERSE,2015/1/6,1.0,Leveraged,Leveraged/Inverse,,0.0
1367, iFreeETF TOPIXレバレッジ（2倍）指数 ,LEVERAGED_INVERSE,2015/1/6,1.0,Market,JP Equity,,0.0
1368, iFreeETF TOPIXダブルインバース（-2倍）指数 ,LEVERAGED_INVERSE, 2015/1/6,1.0,Leveraged,Leveraged/Inverse,,0.0
1369,One ETF 日経225,PASSIVE,2015/1/15,1.0,Market,JP Equity,,0.0
1397,SMDAM 日経225上場投信,PASSIVE,2015/3/25,1.0,Market,JP Equity,,0.0
1398,SMDAM 東証REIT指数上場投信,REIT,2015/3/25,10.0,Other,JP Equity,,0.0
1399,上場インデックスファンドMSCI日本株高配当低ボラティリティ,PASSIVE,2015/12/1,1.0,Other,JP Equity,,0.0
140A, iFreeETF 米国10年国債先物インバース ,BOND,2024/2/28,1.0,Leveraged,Leveraged/Inverse,,0.0
1456, iFreeETF 日経平均インバース・インデックス ,LEVERAGED_INVERSE, 2015/4/27,1.0,Leveraged,Leveraged/Inverse,,0.0
1457,iFreeETF TOPIXインバース（-1倍）指数 ,LEVERAGED_INVERSE, 2015/4/27,1.0,Leveraged,Leveraged/Inverse,,0.0
1458,楽天ETF‐日経レバレッジ指数連動型,LEVERAGED_INVERSE, 2015/7/15,1.0,Market,JP Equity,,0.0
1459,楽天ETF‐日経ダブルインバース指数連動型,LEVERAGED_INVERSE,2015/7/15,1.0,Leveraged,Leveraged/Inverse,,0.0
1466, iFreeETF JPX日経400ダブルインバース・インデックス ,LEVERAGED_INVERSE,ト 2015/8/24,1.0,Leveraged,Leveraged/Inverse,,0.0
1469,JPX日経400ベア2倍上場投信(ダブルインバース) ,LEVERAGED_INVERSE,2015/8/24,10.0,Leveraged,Leveraged/Inverse,,0.0
1472,NEXT FUNDS JPX日経400ダブルインバース･インデックス連動型上場投信,LEVERAGED_INVERSE, 2015/8/24,1.0,Leveraged,Leveraged/Inverse,,0.0
1473,One ETF トピックス,PASSIVE,2015/9/7,10.0,Market,JP Equity,ＮＴＴ,7663000.0
1474,One ETF JPX日経400,PASSIVE,2015/9/7,1.0,Market,JP Equity,,0.0
1475,iシェアーズ･コア TOPIX ETF,PASSIVE,2015/10/20,10.0,Other,JP Equity,,0.0
1476,iシェアーズ･コア Jリート ETF,REIT,2015/10/20,1.0,Other,JP Equity,,0.0
1477,iシェアーズ MSCI 日本株最小分散 ETF,REIT,2015/10/20,1.0,Other,JP Equity,,0.0
1478,iシェアーズ MSCI ジャパン高配当利回リ ETF,PASSIVE,2015/10/20,1.0,Dividend,JP Equity,,-1649600.0
1479,iFreeETF MSCI日本株人材設備投資指数,PASSIVE,2016/5/19,1.0,Other,JP Equity,,0.0
1480,NEXT FUNDS 野村企業価値分配指数連動型上場投信,PASSIVE,2016/5/19,1.0,Other,JP Equity,,0.0
1481,上場インデックスファンド日本経済貢献株,PASSIVE,2016/5/25,1.0,Other,JP Equity,,0.0
1482,iシェアーズ･コア 米国債7-10年 ETF(為替ヘッジあり),BOND,2016/5/27,1.0,Bond,Bond,,0.0
1483,iシェアーズ JPX/S&P 設備･人材投資 ETF,PASSIVE,2016/6/10,1.0,Other,JP Equity,ＮＴＴ,14900.0
1484,One ETF JPX/S&P 設備･人材投資指数,PASSIVE,2016/6/10,10.0,Other,JP Equity,,-2000.0
1485,MAXIS JAPAN 設備･人材積極投資企業200上場投信,ACTIVE,2016/6/29,1.0,Other,JP Equity,,0.0
1486,上場インデックスファンド米国債券(為替ヘッジなし),BOND,2016/8/31,1.0,Bond,Bond,,0.0
1487,上場インデックスファンド米国債券(為替ヘッジあり),BOND,2016/8/31,1.0,Bond,Bond,,0.0
1488,iFreeETF 東証REIT指数,REIT,2016/10/25,1.0,Other,JP Equity,,0.0
1489,NEXT FUNDS 日経平均高配当株50指数連動型上場投信,PASSIVE,2017/2/13,1.0,Market,JP Equity,ソフトバンク,971600.0
1490,上場インデックスファンドMSCI日本株高配当低ボラティリティ(βヘッジ),PASSIVE,2017/3/13,1.0,Other,JP Equity,,0.0
1493,One ETF JPX日経中小型,PASSIVE,2017/5/23,1.0,Market,JP Equity,,0.0
1494,One ETF 高配当日本株,PASSIVE,2017/5/23,1.0,Other,JP Equity,,0.0
1495,上場インデックスファンドアジアリート,REIT,2017/6/29,1.0,Other,JP Equity,,0.0
1498,One ETF ESG,PASSIVE,2017/11/28,1.0,Other,JP Equity,,0.0
1499,MAXIS日本株高配当70マーケットニュートラル上場投信,PASSIVE,2017/12/13,1.0,Dividend,JP Equity,,0.0
1545,ＮＥＸＴ ＦＵＮＤＳ ＮＡＳＤＡＱ－１００®（為替ヘッジなし）連動型上場投信,PASSIVE,2010/8/16,10.0,Other,JP Equity,,0.0
1546,ＮＥＸＴ ＦＵＮＤＳ ダウ・ジョーンズ,PASSIVE,2010/8/16,1.0,Other,JP Equity,,0.0
1547,上場インデックスファンド米国株式(S&P500),PASSIVE,2010/10/29,1.0,Other,JP Equity,,0.0
1550,MAXIS 海外株式(MSCIコクサイ)上場投信,PASSIVE,2010/11/25,1.0,Other,JP Equity,,0.0
1551,東証スタンダードＴＯＰ２０ＥＴＦ,PASSIVE,2010/12/3,10.0,Other,JP Equity,,0.0
1554,上場インデックスファンド世界株式(MSCI ACWI)除く日本,PASSIVE,2011/3/8,1.0,Other,JP Equity,,0.0
1555,上場インデックスファンド豪州リート(S&P/ASX200 A‐REIT),REIT,2011/3/9,1.0,Other,JP Equity,,0.0
1559,NEXT FUNDS タイ株式SET50指数連動型上,PASSIVE,2011/5/12,1.0,Other,JP Equity,,0.0
1560,NEXT FUNDS FTSEブルサ･マレーシアKLC,PASSIVE,2011/5/12,1.0,Other,JP Equity,,0.0
1563,東証グロース・コア ＥＴＦ,PASSIVE,2011/11/29,1.0,Other,JP Equity,,-303200.0
1566,上場インデックスファンド新興国債券,BOND,2012/3/30,1.0,Bond,Bond,,0.0
1568, TOPIXブル2倍上場投信,LEVERAGED_INVERSE, 2012/4/5,10.0,Market,JP Equity,,0.0
1569,TOPIXベア上場投信,LEVERAGED_INVERSE,2012/4/5,10.0,Leveraged,Leveraged/Inverse,,0.0
1570,NEXT FUNDS 日経平均レバレッジ･インデックス連動型上場投信,LEVERAGED_INVERSE,2012/4/12,1.0,Market,JP Equity,,0.0
1571,NEXT FUNDS 日経平均インバース･インデックス連動型上場投信,LEVERAGED_INVERSE, 2012/4/12,1.0,Leveraged,Leveraged/Inverse,,0.0
1572,中国H株ブル2倍上場投信,LEVERAGED_INVERSE,2012/12/6,10.0,Other,JP Equity,,0.0
1573,中国H株ベア上場投信,LEVERAGED_INVERSE,2012/12/6,10.0,Other,JP Equity,,0.0
1577,NEXT FUNDS 野村日本株高配当70連動型上場投信,PASSIVE,2013/3/7,1.0,Dividend,JP Equity,,-389200.0
1578,上場インデックスファンド日経225(ミニ),PASSIVE,2013/3/25,1.0,Market,JP Equity,,0.0
1579,日経平均ブル2倍上場投信 ,LEVERAGED_INVERSE,2013/5/9,10.0,Market,JP Equity,,0.0
1580,日経平均ベア上場投信 ,LEVERAGED_INVERSE, 2013/5/9,10.0,Leveraged,Leveraged/Inverse,,0.0
1585,iFreeETF TOPIX Ex-Financials,PASSIVE,2013/9/20,10.0,Market,JP Equity,,0.0
1586,上場インデックスファンドTOPIX Ex-Financials,PASSIVE,2013/9/26,1.0,Market,JP Equity,,0.0
1591,NEXT FUNDS JPX日経インデックス400連動型上場投信,PASSIVE,2014/1/28,1.0,Market,JP Equity,,-2740300.0
1592,上場インデックスファンドJPX日経インデックス400,PASSIVE,2014/1/28,1.0,Market,JP Equity,,0.0
1593,MAXIS JPX日経インデックス400上場投信,PASSIVE,2014/2/6,1.0,Market,JP Equity,,0.0
1595,NZAM 上場投信 東証REIT指数,REIT,2014/3/7,1.0,Other,JP Equity,,0.0
1596,NZAM 上場投信 TOPIX Ex-Financials,PASSIVE,2014/3/7,1.0,Other,JP Equity,,0.0
1597,MAXIS Jリート上場投信,REIT,2014/2/25,1.0,Other,JP Equity,,0.0
1599,iFreeETF JPX日経400,PASSIVE,2014/3/27,1.0,Market,JP Equity,,0.0
159A,ＮＥＸＴ ＦＵＮＤＳ ＪＰＸプライム１５０指数連動型上場投信,PASSIVE,2024/3/18,10.0,Other,JP Equity,,0.0
1615,NEXT FUNDS 東証銀行業株価指数連動型上場投信,PASSIVE,2002/4/3,10.0,Bank,JP Equity,,-216800.0
1617,NEXT FUNDS 食品(TOPIX-17)上場投信,PASSIVE,2008/3/25,1.0,Market,JP Equity,,0.0
1618,NEXT FUNDS エネルギー資源(TOPIX-17)上場投信,PASSIVE,2008/3/25,1.0,Market,JP Equity,,-339600.0
1619,NEXT FUNDS 建設･資材(TOPIX-17)上場投信,PASSIVE,2008/3/25,1.0,Market,JP Equity,,0.0
1620,NEXT FUNDS 素材･化学(TOPIX-17)上場投信,PASSIVE,2008/3/25,1.0,Market,JP Equity,,0.0
1621,NEXT FUNDS 医薬品(TOPIX-17)上場投信,PASSIVE,2008/3/25,1.0,Market,JP Equity,,0.0
1622,NEXT FUNDS 自動車･輸送機(TOPIX-17)上場投信,PASSIVE,2008/3/25,1.0,Market,JP Equity,,0.0
1623,NEXT FUNDS 鉄鋼･非鉄(TOPIX-17)上場投信,PASSIVE,2008/3/25,1.0,Market,JP Equity,日本製鉄,1124900.0
1624,NEXT FUNDS 機械(TOPIX-17)上場投信,PASSIVE,2008/3/25,1.0,Market,JP Equity,,0.0
1625,NEXT FUNDS 電機･精密(TOPIX-17)上場投信,PASSIVE,2008/3/25,1.0,Market,JP Equity,,-68200.0
1626,NEXT FUNDS 情報通信･サービスその他(TOPIX-17)上場投信,PASSIVE,2008/3/25,1.0,Market,JP Equity,,0.0
1627,NEXT FUNDS 電力･ガス(TOPIX-17)上場投信,PASSIVE,2008/3/25,1.0,Market,JP Equity,東京電力ホールディングス,326800.0
1628,NEXT FUNDS 運輸･物流(TOPIX-17)上場投信,PASSIVE,2008/3/25,1.0,Market,JP Equity,東日本旅客鉄道,210700.0
1629,NEXT FUNDS 商社･卸売(TOPIX-17)上場投信,PASSIVE,2008/3/25,10.0,Market,JP Equity,伊藤忠商事,1200.0
1630,NEXT FUNDS 小売(TOPIX-17)上場投信,PASSIVE,2008/3/25,1.0,Market,JP Equity,,-304200.0
1631,NEXT FUNDS 銀行(TOPIX-17)上場投信,PASSIVE,2008/3/25,1.0,Market,JP Equity,,-124900.0
1632,NEXT FUNDS 金融(除く銀行)(TOPIX-17)上場投信,PASSIVE,2008/3/25,1.0,Market,JP Equity,,-822000.0
1633,NEXT FUNDS 不動産(TOPIX-17)上場投信,PASSIVE,2008/3/25,1.0,Market,JP Equity,,0.0
1651,iFreeETF TOPIX高配当40指数,PASSIVE,2017/9/26,1.0,Market,JP Equity,,0.0
1652,iFreeETF MSCI日本株女性活躍指数（WIN）,PASSIVE,2017/9/26,10.0,Other,JP Equity,,0.0
1653,iFreeETF MSCIジャパンESGセレクト・リーダーズ指数,PASSIVE,2017/9/26,10.0,Other,JP Equity,,0.0
1654,iFreeETF FTSE JPX Blossom Japan Index,PASSIVE,2017/9/26,10.0,Other,JP Equity,,0.0
1655,iシェアーズ S&P 500 米国株 ETF,PASSIVE,2017/9/28,10.0,Other,JP Equity,,0.0
1656,iシェアーズ･コア 米国債7-10年 ETF,BOND,2017/9/28,10.0,Bond,Bond,,0.0
1657,iシェアーズ･コア MSCI 先進国株(除く日本)ETF,PASSIVE,2017/9/28,1.0,Other,JP Equity,,0.0
1658,iシェアーズ･コア MSCI 新興国株 ETF,PASSIVE,2017/9/28,1.0,Other,JP Equity,,0.0
1659,iシェアーズ 米国リート ETF,REIT,2017/9/28,1.0,Other,JP Equity,,0.0
1660,MAXIS高利回リJリート上場投信,REIT,2017/10/11,1.0,Other,JP Equity,,0.0
1677,上場インデックスファンド海外債券(FTSE WGBI)毎月分配型,BOND,2009/9/30,10.0,Bond,Bond,,0.0
1678,NEXT FUNDS インド株式指数･Nifty 50連,PASSIVE,2009/11/26,10.0,Other,JP Equity,,0.0
1680,上場インデックスファンド海外先進国株式(MSCI-KOKUSAI),PASSIVE,2010/1/29,1.0,Other,JP Equity,,0.0
1681,上場インデックスファンド海外新興国株式(MSCIエマージング),PASSIVE,2010/2/24,1.0,Other,JP Equity,,0.0
1698,上場インデックスファンド日本高配当(東証配当フォーカス100),PASSIVE,2010/5/14,1.0,Other,JP Equity,,0.0
1699,NEXT FUNDS NOMURA原油インデックス連動型上場投信,PASSIVE,2010/5/17,10.0,Other,JP Equity,,0.0
170A,ＳＭＴ　ＥＴＦ日本好配当株アクティブ,ACTIVE,2024/3/25,1.0,Active,JP Equity,,-534.6940439999987
178A,グローバルＸ 革新的優良企業 ETF,PASSIVE,2024/4/10,1.0,Other,JP Equity,,0.0
179A,グローバルＸ 超長期米国債 ETF（為替ヘッジあり）,BOND,2024/4/10,10.0,Bond,Bond,,0.0
180A,グローバルＸ 超長期米国債 ETF,BOND,2024/4/10,10.0,Bond,Bond,,0.0
181A,ＭＡＸＩＳ米国国債１-３年上場投信（為替ヘッジなし）,BOND,2024/4/25,10.0,Bond,Bond,,0.0
182A,ＭＡＸＩＳ米国国債２０年超上場投信（為替ヘッジなし）,BOND,2024/4/25,10.0,Bond,Bond,,0.0
183A,ＭＡＸＩＳ米国国債２０年超上場投信（為替ヘッジあり）,BOND,2024/4/25,10.0,Bond,Bond,,0.0
188A,グローバルＸ インド・トップ10+ ETF,PASSIVE,2024/5/23,1.0,Other,JP Equity,,0.0
200A,ＮＥＸＴ ＦＵＮＤＳ 日経半導体株指数連動型上場投信,PASSIVE,2024/6/4,1.0,Market,JP Equity,ルネサスエレクトロニクス,18200.0
2011,ＳＭＤＡＭ　Ａｃｔｉｖｅ　ＥＴＦ　日本高配当株式,ACTIVE,2023/11/29,10.0,Active,JP Equity,,0.0
2012,iシェアーズ　米国債0-3ヶ月 ETF,BOND,2024/1/18,10.0,Bond,Bond,,0.0
2013,iシェアーズ　米国高配当株 ETF,PASSIVE,2024/1/18,10.0,Other,JP Equity,,0.0
2014,iシェアーズ　米国連続増配株 ETF,PASSIVE,2024/1/18,10.0,Other,JP Equity,,0.0
2015,iFreeETF 米国国債7-10年（為替ヘッジなし）,BOND,2024/1/18,1.0,Bond,Bond,,0.0
2016,iFreeETF 米国国債7-10年（為替ヘッジあり）,BOND,2024/1/18,1.0,Bond,Bond,,0.0
2017,iFreeETF JPXプライム150,PASSIVE,2024/1/24,1.0,Other,JP Equity,,0.0
2018,グローバルＸ US REIT・トップ20 ETF,REIT,2024/1/31,1.0,Other,JP Equity,,0.0
2019,グローバルＸ 米国優先証券 ETF（隔月分配型）,PASSIVE,2024/1/31,1.0,Bond,Bond,,0.0
2080,ＰＢＲ１倍割れ解消推進ＥＴＦ,PASSIVE,2023/9/7,1.0,Active,JP Equity,,0.0
2081,政策保有解消推進ＥＴＦ,PASSIVE,2023/9/7,1.0,Active,JP Equity,,0.0
2082,投資家経営者一心同体ＥＴＦ,PASSIVE,2023/9/7,1.0,Active,JP Equity,,0.0
2083,ＮＥＸＴ ＦＵＮＤＳ 日本成長株アクティブ上場投信,ACTIVE,2023/9/7,1.0,Active,JP Equity,いすゞ自動車,-2100.0
2084,ＮＥＸＴ ＦＵＮＤＳ 日本高配当株アクティブ上場投信,ACTIVE,2023/9/7,1.0,Active,JP Equity,,0.0
2085,ＭＡＸＩＳ高配当日本株アクティブ上場投信,ACTIVE,2023/9/7,10.0,Active,JP Equity,,0.0
2086,NZAM 上場投信 S＆P500（為替ヘッジあり）,PASSIVE,2023/9/22,1.0,Other,JP Equity,,0.0
2087,NZAM 上場投信 NASDAQ100（為替ヘッジあり）,PASSIVE,2023/9/22,1.0,Other,JP Equity,,0.0
2088,NZAM 上場投信 NYダウ30（為替ヘッジあり）,PASSIVE,2023/9/22,1.0,Other,JP Equity,,0.0
2089,NZAM 上場投信 DAX（為替ヘッジあり）,PASSIVE,2023/9/22,1.0,Other,JP Equity,,0.0
2090,NZAM 上場投信 米国国債7-10年（為替ヘッジあり）,BOND,2023/9/22,1.0,Bond,Bond,,0.0
2091,NZAM 上場投信 ドイツ国債7-10年（為替ヘッジあり）,BOND,2023/9/22,1.0,Bond,Bond,,0.0
2092,NZAM 上場投信 フランス国債7-10年（為替ヘッジあり）,BOND,2023/9/22,1.0,Bond,Bond,,0.0
2093,上場Tracers 米国債0-2年ラダー（為替ヘッジなし）,BOND,2023/10/5,1.0,Bond,Bond,,0.0
2094,東証ＲＥＩＴインバースＥＴＦ ,REIT, 2023/10/6,1.0,Leveraged,Leveraged/Inverse,,0.0
2095,グローバルＸ S&P500配当貴族 ETF（為替ヘッジあり）,PASSIVE,2023/10/26,1.0,Other,JP Equity,,0.0
2096,グローバルＸ オフィス・J-REIT ETF,REIT,2023/10/26,1.0,Other,JP Equity,,0.0
2097,グローバルＸ レジデンシャル・J-REIT ETF,REIT,2023/10/26,1.0,Other,JP Equity,,0.0
2098,グローバルＸ ホテル＆リテール・J-REIT ETF,REIT,2023/10/26,1.0,Other,JP Equity,,0.0
210A,iFreeETF 日経高利回りREIT指数,REIT,2024/6/26,1.0,Market,JP Equity,,0.0
213A,上場インデックスファンド日経半導体株,PASSIVE,2024/7/12,10.0,Market,JP Equity,,0.0
221A,ＭＡＸＩＳ日経半導体株上場投信,PASSIVE,2024/7/19,10.0,Market,JP Equity,ルネサスエレクトロニクス,949.8050410000278
2235,上場インデックスファンド米国株式（ダウ平均）為替ヘッジなし,PASSIVE,2022/12/16,1.0,Other,JP Equity,,0.0
2236,グローバルＸ S&P500配当貴族ETF,PASSIVE,2023/1/13,1.0,Other,JP Equity,,0.0
2237, iFreeETF S&P500レバレッジ ,LEVERAGED_INVERSE, 2023/2/1,1.0,Other,JP Equity,,0.0
2238, iFreeETF S&P500インバース,LEVERAGED_INVERSE,2023/2/1,1.0,Leveraged,Leveraged/Inverse,,0.0
2239,上場インデックスファンドS＆P500先物レバレッジ２倍,LEVERAGED_INVERSE,2023/3/17,1.0,Other,JP Equity,,0.0
223A,グローバルＸ AI＆ビッグデータ ETF,PASSIVE,2024/7/25,1.0,Other,JP Equity,,0.0
2240,上場インデックスファンドS＆P500先物インバース ,LEVERAGED_INVERSE,2023/3/17,1.0,Leveraged,Leveraged/Inverse,,0.0
2241,ＭＡＸＩＳ ＮＹダウ上場投信,PASSIVE,2023/3/10,10.0,Other,JP Equity,,0.0
2242,ＭＡＸＩＳ ＮＹダウ上場投信（為替ヘッジあり）,PASSIVE,2023/3/10,10.0,Other,JP Equity,,0.0
2243,グローバルＸ 半導体 ETF,PASSIVE,2023/4/13,1.0,Semiconductor,JP Equity,,0.0
2244,グローバルＸ US テック・トップ20 ETF,PASSIVE,2023/4/13,1.0,Other,JP Equity,,0.0
2245,ＮＥＸＴ ＦＵＮＤＳ ブルームバーグ・ドイツ国債（7-10年）インデックス（為替ヘッジあり）連動型上場投信,BOND,2023/4/26,10.0,Bond,Bond,,0.0
2247,iFreeETF S&P500（為替ヘッジなし）,PASSIVE,2023/5/12,1.0,Other,JP Equity,,0.0
2248,iFreeETF S&P500（為替ヘッジあり）,PASSIVE,2023/5/12,1.0,Other,JP Equity,,0.0
2249, iFreeETF S&P500ダブルインバース,LEVERAGED_INVERSE, 2023/5/12,1.0,Leveraged,Leveraged/Inverse,,0.0
224A,グローバルＸ ウラニウムビジネス ETF,PASSIVE,2024/7/25,1.0,Other,JP Equity,,0.0
2250,iシェアーズ　MSCI ジャパン気候変動アクション ETF,PASSIVE,2023/6/8,10.0,Other,JP Equity,,0.0
2251,NEXT FUNDS JPX国債先物ダブルインバース指数連動型上場投信,BOND, 2023/6/23,10.0,Leveraged,Leveraged/Inverse,,0.0
2252,グローバルＸ Morningstar 米国中小型 Moat ETF,PASSIVE,2023/7/13,1.0,Other,JP Equity,,0.0
2253,グローバルＸ スーパーディビィデンド-US ETF,PASSIVE,2023/7/13,1.0,Other,JP Equity,,0.0
2254,グローバルＸ チャイナEV＆バッテリー ETF,PASSIVE,2023/7/13,1.0,Other,JP Equity,,0.0
2255,iシェアーズ　米国債20年超 ETF,BOND,2023/11/28,10.0,Bond,Bond,,0.0
2256,iシェアーズ　米国総合債券 ETF,BOND,2023/11/28,10.0,Bond,Bond,,0.0
2257,iシェアーズ　米ドル建て投資適格社債 ETF,BOND,2023/11/28,10.0,Bond,Bond,,0.0
2258,iシェアーズ　米ドル建てハイイールド社債 ETF,BOND,2023/11/28,10.0,Bond,Bond,,0.0
2259,iシェアーズ　フランス国債7-10年 ETF（為替ヘッジあり）,BOND,2023/11/28,10.0,Bond,Bond,,0.0
233A,iFreeETF インドNifty50,PASSIVE,2024/8/20,1.0,Other,JP Equity,,0.0
234A,グローバルＸ MSCI キャッシュフローキング-日本株式 ETF,PASSIVE,2024/8/22,1.0,Other,JP Equity,,0.0
235A,グローバルＸ 高配当30-日本株式 ETF,PASSIVE,2024/8/22,1.0,Other,JP Equity,,0.0
236A,iシェアーズ　日本国債7-10年 ETF,BOND,2024/8/28,10.0,Bond,Bond,,0.0
237A,iシェアーズ　米国債25年超 ロングデュレーション ETF,BOND,2024/8/28,10.0,Bond,Bond,,0.0
238A,iシェアーズ　米国債25年超 ロングデュレーション ETF（為替ヘッジあり）,BOND,2024/8/28,10.0,Bond,Bond,,0.0
2510,NEXT FUNDS国内債券・NOMURA‐BPI総合連動型上場投信,BOND,2017/12/11,10.0,Bond,Bond,,0.0
2511,NEXT FUNDS外国債券・FTSE世界国債インデックス（除く日本・為替ヘッジなし）連動型上場投信,BOND,2017/12/11,10.0,Bond,Bond,,0.0
2512,NEXT FUNDS外国債券・FTSE世界国債インデックス（除く日本・為替ヘッジあり）連動型上場投信,BOND,2017/12/11,10.0,Bond,Bond,,0.0
2513,NEXT FUNDS外国株式・MSCI-KOKUSAI指数（為替ヘッジなし）連動型上場投信,PASSIVE,2017/12/11,1.0,Other,JP Equity,,0.0
2514,NEXT FUNDS外国株式・MSCI-KOKUSAI指数（為替ヘッジあり）連動型上場投信,PASSIVE,2017/12/11,1.0,Other,JP Equity,,0.0
2515,NEXT FUNDS 外国REIT・S&P先進国REIT指数（除く日本・為替ヘッジなし）連動型上場投信,REIT,2017/12/11,1.0,Other,JP Equity,,0.0
2516,東証グロース２５０ETF,PASSIVE,2018/2/1,10.0,Other,JP Equity,アンジェス,4800.0
2517,MAXIS Jリート・コア上場投信,REIT,2018/4/17,10.0,Other,JP Equity,,0.0
2518,NEXT FUNDS MSCI日本株女性活躍指数（セレクト）連動型上場投信,PASSIVE,2018/5/15,1.0,Other,JP Equity,,0.0
2519,NEXT FUNDS 新興国債券・J.P.モルガン・エマージング・マーケット・ボンド・インデックス・プラス（為替ヘッジなし）連動型上場投信,BOND,2018/7/10,10.0,Bond,Bond,,0.0
2520,NEXT FUNDS新興国株式・MSCIエマージング・マーケット・インデックス（為替ヘッジなし）連動型上場投信,PASSIVE,2018/7/10,1.0,Other,JP Equity,,0.0
2521,上場インデックスファンド米国株式(S&P500)為替ヘッジあり,PASSIVE,2018/8/3,1.0,Other,JP Equity,,0.0
2522,iシェアーズ オートメーション ＆ ロボット ETF,PASSIVE,2018/11/15,1.0,Other,JP Equity,,0.0
2523,ＭＡＸＩＳトピックス（除く金融）上場投信,PASSIVE,2019/1/11,10.0,Market,JP Equity,,0.0
2524,NZAM 上場投信 TOPIX,PASSIVE,2019/2/6,1.0,Market,JP Equity,,0.0
2525,NZAM 上場投信 日経225,PASSIVE,2019/2/6,1.0,Market,JP Equity,,0.0
2526,NZAM 上場投信 JPX日経400,PASSIVE,2019/2/6,1.0,Market,JP Equity,,0.0
2527,NZAM 上場投信 東証REIT Core指数,REIT,2019/2/6,1.0,Other,JP Equity,,0.0
2528,iFreeETF 東証REIT Core指数,REIT,2019/2/8,1.0,Other,JP Equity,,0.0
2529,NEXT FUNDS 野村株主還元70連動型上場投信,PASSIVE,2019/4/19,1.0,Other,JP Equity,,0.0
2552,上場インデックスファンドJリート(東証REIT指数)隔月分配型(ミニ),REIT,2019/6/4,1.0,Other,JP Equity,,0.0
2553,One ETF 南方　中国Ａ株　CSI500,PASSIVE,2019/6/25,10.0,Other,JP Equity,,0.0
2554,NEXT FUNDS ブルームバーグ米国投資適格社債(1-10 年)インデックス(為替ヘッジあり)連動型上場投信,PASSIVE,2019/6/28,10.0,Bond,Bond,,0.0
2555,東証REIT ETF,REIT,2019/7/16,10.0,Other,JP Equity,,0.0
2556,One ETF 東証REIT指数,REIT,2019/8/15,10.0,Other,JP Equity,,0.0
2557,ＳＭＤＡＭ　トピックス上場投信,PASSIVE,2019/12/16,10.0,Market,JP Equity,ユー・エム・シー・エレクトロニクス,1000.0
2558,ＭＡＸＩＳ米国株式（Ｓ＆Ｐ５００）上場投信,PASSIVE,2020/1/9,1.0,Other,JP Equity,,0.0
2559,ＭＡＸＩＳ全世界株式(オール・カントリー)上場投信,PASSIVE,2020/1/9,1.0,Other,JP Equity,,0.0
2560,ＭＡＸＩＳカーボン・エフィシェント日本株上場投信,PASSIVE,2020/2/6,1.0,Other,JP Equity,,0.0
2561,iシェアーズ・コア　日本国債 ETF,BOND,2020/2/26,1.0,Bond,Bond,,0.0
2562,上場インデックスファンド米国株式（ダ,PASSIVE,2020/3/18,1.0,Other,JP Equity,,0.0
2563,iシェアーズ S&P 500 米国株 ETF(為替ヘッジあり),PASSIVE,2020/6/19,10.0,Other,JP Equity,,0.0
2564,グローバルＸ MSCIスーパーディビィデンド-日本株式 ETF,PASSIVE,2020/8/26,1.0,Dividend,JP Equity,,0.0
2565,グローバルＸ ロジスティクス・J-REIT ETF,REIT,2020/8/26,1.0,Other,JP Equity,,0.0
2566,上場インデックスファンド日経ESGリート,REIT,2020/9/7,1.0,Market,JP Equity,,0.0
2567,NZAM 上場投信 S＆P／JPXカーボン・エフィシェント指数,PASSIVE,2020/9/11,10.0,Other,JP Equity,,0.0
2568,上場インデクッスファンド米国株式(NASDAQ100)為替ヘッジなし,PASSIVE,2020/9/24,1.0,Other,JP Equity,,0.0
2569,上場インデックスファンド米国株式(NASDAQ100)為替ヘッジあり,PASSIVE,2020/9/24,1.0,Other,JP Equity,,0.0
257A,ＳＭＴ　ＥＴＦ日本株厳選投資アクティブ,ACTIVE,2024/9/24,1.0,Active,JP Equity,ＮＴＴ,3400.189229000001
258A,ＳＭＴ　ＥＴＦ国内リート厳選投資アクティブ,ACTIVE,2024/9/24,1.0,Other,JP Equity,,0.0
2620,iシェアーズ　米国債1-3年 ETF,BOND,2020/10/15,10.0,Bond,Bond,,0.0
2621,iシェアーズ　米国債20年超 ETF（為替ヘッジあり）,BOND,2020/10/15,1.0,Bond,Bond,,0.0
2624,iFreeETF 日経225（年4回決算型）,PASSIVE,2020/11/10,1.0,Market,JP Equity,,0.0
2625,iFreeETF TOPIX（年4回決算型）,PASSIVE,2020/11/10,1.0,Other,JP Equity,,0.0
2626,グローバルＸ デジタル・イノベーション-日本株式 ETF,PASSIVE,2021/1/27,1.0,Other,JP Equity,,0.0
2627,グローバルＸ eコマース-日本株式 ETF,PASSIVE,2021/1/27,1.0,Other,JP Equity,,0.0
2628,iFreeETF 中国科創板50（STAR50）,PASSIVE,2021/4/8,1.0,Other,JP Equity,,0.0
2629,iFreeETF 中国グレーターベイエリア・イノベーション100（GBA100）,PASSIVE,2021/4/8,1.0,Other,JP Equity,,0.0
2630,MAXIS米国株式(S&P500)上場投信(為替ヘッジあり),PASSIVE,2021/2/25,1.0,Other,JP Equity,,0.0
2631,MAXISナスダック100上場投信,PASSIVE,2021/2/25,1.0,Other,JP Equity,,0.0
2632,MAXISナスダック100上場投信(為替ヘッジあり),PASSIVE,2021/2/25,1.0,Other,JP Equity,,0.0
2633,ＮＥＸＴ ＦＵＮＤＳ Ｓ＆Ｐ 500 指数（為替ヘッジなし）連動型上場投信,PASSIVE,2021/3/31,10.0,Other,JP Equity,,0.0
2634,ＮＥＸＴ ＦＵＮＤＳ Ｓ＆Ｐ 500 指数（為替ヘッジあり）連動型上場投信,PASSIVE,2021/3/31,1.0,Other,JP Equity,,0.0
2636,グローバルＸ MSCI ガバナンス・クオリティ-日本株式 ETF,PASSIVE,2021/3/31,1.0,Other,JP Equity,,0.0
2637,グローバルＸ クリーンテック-日本株式 ETF,PASSIVE,2021/3/31,1.0,Other,JP Equity,,0.0
2638,グローバルＸ ロボティクス＆AI-日本株式ETF,PASSIVE,2021/6/23,1.0,Other,JP Equity,,0.0
2639,グローバルＸ バイオ＆メドテック-日本株式ETF,PASSIVE,2021/6/23,1.0,Other,JP Equity,,0.0
2640,グローバルＸ ゲーム＆アニメ-日本株式ETF,PASSIVE,2021/6/23,1.0,Other,JP Equity,,0.0
2641,グローバルＸ グローバルリーダーズ-日本株式ETF,PASSIVE,2021/6/23,1.0,Other,JP Equity,,0.0
2642,SMT ETFカーボン・エフィシェント日本株,PASSIVE,2021/6/23,1.0,Other,JP Equity,,0.0
2643,NEXT FUNDS MSCIジャパンカントリー指数（セレクト）連動型上場投信,PASSIVE,2021/7/16,1.0,Other,JP Equity,,0.0
2644,グローバルＸ 半導体関連-日本株式 ETF,PASSIVE,2021/9/28,1.0,Other,JP Equity,,0.0
2645,グローバルＸ レジャー＆エンターテインメント-日本株式 ETF,PASSIVE,2021/9/28,1.0,Other,JP Equity,,0.0
2646,グローバルＸ メタルビジネス-日本株式 ETF,PASSIVE,2021/9/28,1.0,Other,JP Equity,,0.0
2647,ＮＥＸＴ ＦＵＮＤＳ ブルームバーグ米国国債（7-10年）インデックス（為替ヘッジなし）連動型上場投信,BOND,2021/10/29,1.0,Bond,Bond,,0.0
2648,ＮＥＸＴ ＦＵＮＤＳ ブルームバーグ米国国債（7-10年）インデックス（為替ヘッジあり）連動型上場投信,BOND,2021/10/29,1.0,Bond,Bond,,0.0
2649,iシェアーズ　米国政府系機関ジニーメイMBS ETF（為替ヘッジあり）,PASSIVE,2022/1/14,10.0,Bond,Bond,,0.0
273A,ＳＢＩ サウジアラビア株式上場投信,PASSIVE,2024/10/31,1.0,Other,JP Equity,,0.0
282A,グローバルＸ 半導体・トップ10-日本株式 ETF,PASSIVE,2024/11/21,1.0,Other,JP Equity,,0.0
2836,グローバルＸ フィンテック-日本株式 ETF,PASSIVE,2021/12/8,1.0,Other,JP Equity,,0.0
2837,グローバルＸ 中小型リーダーズ-日本株式 ETF,PASSIVE,2021/12/8,1.0,Other,JP Equity,,0.0
2838,ＭＡＸＩＳ米国国債７-１０年上場投信（為替ヘッジなし）,BOND,2021/12/10,1.0,Bond,Bond,,0.0
2839,ＭＡＸＩＳ米国国債７-１０年上場投信（為替ヘッジあり）,BOND,2021/12/10,1.0,Bond,Bond,,0.0
283A,グローバルＸ US テック・配当貴族 ETF,PASSIVE,2024/11/21,1.0,Other,JP Equity,,0.0
2840,iFreeETF NASDAQ100（為替ヘッジなし）,PASSIVE,2022/2/2,1.0,Other,JP Equity,,0.0
2841,iFreeETF NASDAQ100（為替ヘッジあり）,PASSIVE,2022/2/2,1.0,Other,JP Equity,,0.0
2842, iFreeETF NASDAQ100インバース ,LEVERAGED_INVERSE, 2022/2/2,1.0,Leveraged,Leveraged/Inverse,,0.0
2843,上場インデックスファンド豪州国債（為替ヘッジあり）,BOND,2022/2/17,1.0,Bond,Bond,,0.0
2844,上場インデックスファンド豪州国債（為替ヘッジなし）,BOND,2022/2/17,1.0,Bond,Bond,,0.0
2845,ＮＥＸＴ ＦＵＮＤＳ ＮＡＳＤＡＱ－１００®（為替ヘッジあり）連動型上場投信,PASSIVE,2022/3/18,1.0,Other,JP Equity,,0.0
2846,ＮＥＸＴ ＦＵＮＤＳ ダウ・ジョーンズ工業株３０種平均株価（為替ヘッジあり）連動型上場投信,PASSIVE,2022/3/18,1.0,Other,JP Equity,,0.0
2847,グローバルＸ 新成長インフラ-日本株式 ETF,PASSIVE,2022/3/24,1.0,Other,JP Equity,,0.0
2848,グローバルＸ MSCI 気候変動対応-日本株式 ETF,PASSIVE,2022/3/24,1.0,Other,JP Equity,,0.0
2849,グローバルＸ Morningstar 高配当 ESG-日本株式 ETF,PASSIVE,2022/3/24,1.0,Other,JP Equity,,0.0
2851,iシェアーズ　MSCI ジャパンSRI ETF,PASSIVE,2022/6/8,10.0,Other,JP Equity,,0.0
2852,iシェアーズ　グリーンＪリート ETF,REIT,2022/5/25,10.0,Other,JP Equity,,0.0
2853,iシェアーズ　気候リスク調整世界国債 ETF（除く日本・為替ヘッジあり）,BOND,2022/5/25,10.0,Bond,Bond,,0.0
2854,グローバルＸ テック・トップ20-日本株式 ETF,PASSIVE,2022/6/24,1.0,Other,JP Equity,,0.0
2855,グローバルＸ グリーン・J-REIT ETF,REIT,2022/6/24,1.0,Other,JP Equity,,0.0
2856,iシェアーズ　米国債3-7年 ETF（為替ヘッジあり）,BOND,2022/7/27,10.0,Bond,Bond,,0.0
2857,iシェアーズ　ドイツ国債 ETF（為替ヘッジあり）,BOND,2022/7/27,10.0,Bond,Bond,,0.0
2858,グローバルＸ 日経225 カバード・コール ETF（プレミアム再投資型）,PASSIVE,2022/7/29,1.0,Market,JP Equity,,0.0
2859,ＮＥＸＴ ＦＵＮＤＳ ユーロ・ストックス50指数（為替ヘッジあり）連動型上場投信,PASSIVE,2022/9/2,1.0,Other,JP Equity,,0.0
2860,ＮＥＸＴ ＦＵＮＤＳ ドイツ株式・ＤＡＸ（為替ヘッジあり）連動型上場投信,PASSIVE,2022/9/2,1.0,Other,JP Equity,,0.0
2861,上場インデックスファンドフランス国債（為替ヘッジなし）,BOND,2022/8/17,1.0,Bond,Bond,,0.0
2862,上場インデックスファンドフランス国債（為替ヘッジあり）,BOND,2022/8/17,1.0,Bond,Bond,,0.0
2864,グローバルＸ ロジスティクス・REIT ETF,REIT,2022/9/30,1.0,Other,JP Equity,,0.0
2865,グローバルＸ NASDAQ100・カバード・コール ETF,PASSIVE,2022/9/30,1.0,Other,JP Equity,,0.0
2866,グローバルＸ 米国優先証券 ETF,PASSIVE,2022/9/30,1.0,Bond,Bond,,0.0
2867,グローバルＸ 自動運転＆EV ETF,PASSIVE,2022/11/8,1.0,Other,JP Equity,,0.0
2868,グローバルＸ S&P500・カバード・コール ETF,PASSIVE,2022/11/8,1.0,Other,JP Equity,,0.0
2869, iFreeETF NASDAQ100レバレッジ,LEVERAGED_INVERSE,2022/11/16,1.0,Other,JP Equity,,0.0
2870, iFreeETF NASDAQ100ダブルインバース,LEVERAGED_INVERSE, 2022/11/16,1.0,Leveraged,Leveraged/Inverse,,0.0
294A,ＮＥＸＴ ＦＵＮＤＳ ＭＳＣＩジャパン気候変動指数（セレクト）連動型上場投信,PASSIVE,2024/12/3,1.0,Other,JP Equity,,0.0
295A,Ｏｎｅ　ＥＴＦ　ＦＴＳＥ・サウジアラビア・インデックス,PASSIVE,2024/12/12,1.0,Other,JP Equity,,0.0
313A,iシェアーズ　S&P 500 トップ 20 ETF,PASSIVE,2025/1/16,10.0,Other,JP Equity,,0.0
314A,iシェアーズ　ゴールド ETF,PASSIVE,2025/1/16,10.0,Other,JP Equity,,0.0
315A,グローバルＸ 銀行 高配当-日本株式 ETF,PASSIVE,2025/1/9,1.0,Market,JP Equity,,0.0
316A,iFreeETF FANG+,PASSIVE,2025/1/10,1.0,Other,JP Equity,,0.0
328A,グローバルＸ プライシングパワー・リーダーズ-日本株式 ETF,PASSIVE,2025/2/20,1.0,Other,JP Equity,,0.0
346A,ＮＥＸＴ ＦＵＮＤＳ Ｓ＆Ｐ 500 半導体・半導体製造装置35％キャップ指数連動型上場投信,PASSIVE,2025/3/27,1.0,Semiconductor,JP Equity,,0.0
348A,ＭＡＸＩＳ読売３３３日本株上場投信,PASSIVE,2025/3/27,10.0,Other,JP Equity,ＨＯＹＡ,28.111963999995965
349A,ＳＭＤＡＭ　Ａｃｔｉｖｅ　ＥＴＦ　日本グロース株式,ACTIVE,2025/3/28,10.0,Active,JP Equity,日清紡ホールディングス,3200.0
354A,iFreeETF ブルームバーグ日本株高配当50指数,PASSIVE,2025/4/17,1.0,Dividend,JP Equity,,0.0
356A,グローバルＸ S&P500 キャッシュフロー・トップ100 ETF,PASSIVE,2025/4/16,1.0,Other,JP Equity,,0.0
360A,東証ＲＥＩＴ Ｃｏｒｅ ＥＴＦ,REIT,2025/5/12,10.0,Other,JP Equity,,0.0
363A,iFreeETF 英国FTSE100,PASSIVE,2025/5/29,1.0,Other,JP Equity,,0.0
364A,ＮＥＸＴ ＦＵＮＤＳ Ｓ＆Ｐ 500 配当貴族指数連動型上場投信,PASSIVE,2025/6/11,1.0,Other,JP Equity,,0.0
376A,ＮＥＸＴ ＦＵＮＤＳ ブルームバーグ米国国債（7-10年）インデックス（75％為替ヘッジあり）連動型上場投信,BOND,2025/6/25,1.0,Bond,Bond,,0.0
379A,グローバルＸ S&P500 ETF（ダイナミック・プロテクション）,PASSIVE,2025/6/24,1.0,Other,JP Equity,,0.0
380A,グローバルＸ チャイナテック ETF,PASSIVE,2025/6/24,1.0,Other,JP Equity,,0.0
381A,iFreeETF 米国国債3-5年（為替ヘッジなし）,BOND,2025/6/25,1.0,Bond,Bond,,0.0
382A,iFreeETF 米国国債3-5年（為替ヘッジあり）,BOND,2025/6/25,1.0,Bond,Bond,,0.0
383A,ＭＡＸＩＳ Ｓ＆Ｐ５００均等ウェイト上場投信,PASSIVE,2025/6/30,1.0,Other,JP Equity,,0.0
392A,iシェアーズ　NASDAQ トップ 30 ETF,PASSIVE,2025/7/30,10.0,Other,JP Equity,,0.0
394A,業界改革厳選ＥＴＦテレビ業界,PASSIVE,2025/7/18,10.0,Active,JP Equity,,0.0
395A,業界改革厳選ＥＴＦ地銀,PASSIVE,2025/7/18,10.0,Active,JP Equity,,0.0
396A,業界改革厳選ＥＴＦ　ＲＥＩＴイベント・ドリブン,REIT,2025/7/18,10.0,Other,JP Equity,,0.0
399A,上場インデックスファンド日経平均高配当株50,PASSIVE,2025/7/24,1.0,Market,JP Equity,,0.0
404A,グローバルＸ チャイナテック・トップ10 ETF,PASSIVE,2025/8/20,1.0,Other,JP Equity,,0.0
408A,iシェアーズ　AI グローバル・イノベーション アクティブ ETF,ACTIVE,2025/9/10,10.0,Other,JP Equity,,0.0
412A,ＮＥＸＴ ＦＵＮＤＳ ＴＩＰ ＦａｃｔＳｅｔ 台湾イノベイティブ・テクノロジー50 指数連動型上場投信,PASSIVE,2025/9/18,1.0,Other,JP Equity,,0.0
413A,iFreeETF キャセイ台湾テックリーダー指数,PASSIVE,2025/9/12,1.0,Other,JP Equity,,0.0
424A,グローバルＸ ゴールド ETF（為替ヘッジあり）,PASSIVE,2025/9/26,10.0,Other,JP Equity,,0.0
425A,グローバルＸ ゴールド ETF,PASSIVE,2025/9/26,10.0,Other,JP Equity,,0.0
426A,ニッセイＥＴＦ Ｓ＆Ｐ５００イコール・ウェイト（為替ヘッジなし）,PASSIVE,2025/10/1,1.0,Other,JP Equity,,0.0
435A,iFreeETF 日本株配当ローテーション戦略,PASSIVE,2025/10/7,1.0,Active,JP Equity,,0.0
443A,iFreeETF 東証REIT指数（2・5・8・11月決算型）,REIT,2025/11/4,1.0,Other,JP Equity,,0.0
447A,ステート・ストリート・スパイダー ゴールド ETF（為替ヘッジなし）,PASSIVE,2025/11/19,10.0,Other,JP Equity,,0.0
448A,ステート・ストリート・スパイダー ゴールド ETF（為替ヘッジあり）,PASSIVE,2025/11/19,10.0,Other,JP Equity,,0.0
449A,ステート・ストリート・スパイダー S&P500® ETF（為替ヘッジなし）,PASSIVE,2025/11/19,10.0,Other,JP Equity,,0.0
450A,ステート・ストリート・スパイダー S&P500® ETF（為替ヘッジあり）,PASSIVE,2025/11/19,10.0,Other,JP Equity,,0.0
451A,ステート・ストリート・スパイダー S&P500®高配当株 ETF,PASSIVE,2025/11/19,10.0,Dividend,JP Equity,,0.0
452A,iシェアーズ　S&P 500 プレミアムインカム ETF,PASSIVE,2025/11/12,10.0,Other,JP Equity,,0.0
453A,iシェアーズ　米国債20年超 プレミアムインカム ETF,BOND,2025/11/12,10.0,Bond,Bond,,0.0
459A,野村高利回りＪリート指数ＥＴＦ,REIT,2025/11/12,1.0,Other,JP Equity,,0.0
461A,ＭＡＸＩＳ日本株高配当ＳＭＡＲＴ５０上場投信,PASSIVE,2025/11/13,1.0,Dividend,JP Equity,ソニーフィナンシャルグループ,0.6455800000126127
465A,グローバルＸ 日経平均株主還元40-日本株式 ETF,PASSIVE,2025/11/26,1.0,Market,JP Equity,,0.0
466A,グローバルＸ 防衛テック ETF,PASSIVE,2025/11/26,1.0,Other,JP Equity,,0.0
467A,グローバルＸ 米ドル建て投資適格社債 ETF（為替ヘッジあり）,BOND,2025/11/26,10.0,Bond,Bond,,0.0
468A,グローバルＸ 米ドル建て投資適格社債 ETF,BOND,2025/11/26,10.0,Bond,Bond,,0.0
473A,ニッセイＥＴＦ　日経２２５インデックス,PASSIVE,2025/12/5,1.0,Market,JP Equity,,0.0
486A,ＮＥＸＴ ＦＵＮＤＳ ユーロ・ストックス50指数（為替ヘッジなし）連動型上場投信,PASSIVE,2025/12/17,1.0,Other,JP Equity,,0.0
487A,ＮＥＸＴ ＦＵＮＤＳ ドイツ株式・ＤＡＸ（為替ヘッジなし）連動型上場投信,PASSIVE,2025/12/17,1.0,Other,JP Equity,,0.0
488A,iシェアーズ　円高フォーカス ETF,PASSIVE,2025/12/17,10.0,Bond,Bond,,0.0
489A,東証ＲＥＩＴ物流フォーカスＥＴＦ,REIT,2025/12/18,1.0,Other,JP Equity,,0.0
491A,iシェアーズ　S&P 500 除く金融 ETF（為替ヘッジあり）,PASSIVE,2026/1/28,10.0,Other,JP Equity,,0.0
492A,Ｏｎｅ　ＥＴＦ　日本国債　高クーポン（平均残存１０年未満）,BOND,2026/1/20,10.0,Bond,Bond,,0.0
493A,Ｏｎｅ　ＥＴＦ　日本国債　１－３年,BOND,2026/1/20,10.0,Bond,Bond,,0.0
494A,Ｏｎｅ　ＥＴＦ　日本国債　３－７年,BOND,2026/1/20,10.0,Bond,Bond,,0.0
495A,Ｏｎｅ　ＥＴＦ　日本国債　７－１０年,BOND,2026/1/20,10.0,Bond,Bond,,0.0
496A,Ｏｎｅ　ＥＴＦ　日本国債　１７－２０年,BOND,2026/1/20,10.0,Bond,Bond,,0.0
502A,グローバルＸ 超短期円建て債券 ETF,BOND,2026/1/29,10.0,Bond,Bond,,0.0
512A,グローバルＸ ステーブルコイン＆トークンビジネス ETF（除く日本）,PASSIVE,2026/2/26,1.0,Other,JP Equity,,0.0
513A,グローバルＸ 防衛テック-日本株式 ETF,PASSIVE,2026/2/26,1.0,Other,JP Equity,,0.0
515A,iシェアーズ　高格付け日本円社債 ETF,ACTIVE,2026/3/13,10.0,Bond,Bond,,0.0
516A,iFreeETF 米ドル・ブル（1倍）,LEVERAGED_INVERSE,2026/3/3,1.0,Bond,Bond,,0.0
517A,iFreeETF 米ドル・ベア（1倍）,LEVERAGED_INVERSE,2026/3/3,1.0,Bond,Bond,,0.0
518A,ＮＥＸＴ ＦＵＮＤＳ ＦＴＳＥ日本株高配当キャッシュフロー50指数連動型上場投信,REIT,2026/3/3,1.0,Dividend,JP Equity,,0.0
521A,iFreeETF FANG+ゴールド,PASSIVE,2026/3/11,1.0,Other,JP Equity,,0.0
526A,ＪＰＸスタートアップ急成長１００ＥＴＦ,PASSIVE,2026/3/11,1.0,Other,JP Equity,,0.0
530A,NZAM 上場投信 東証REIT指数（2・5・8・11月決算型）,REIT,2026/3/19,1.0,Other,JP Equity,,0.0
531A,NZAM 上場投信 日経平均高配当株50,PASSIVE,2026/3/19,1.0,Market,JP Equity,,0.0
532A,NZAM 上場投信 TOPIX高配当40,PASSIVE,2026/3/19,1.0,Market,JP Equity,,0.0
533A,NZAM 上場投信 S&P500（為替ヘッジなし）,PASSIVE,2026/3/19,1.0,Other,JP Equity,,0.0
534A,NZAM 上場投信 NASDAQ100（為替ヘッジなし）,PASSIVE,2026/3/19,1.0,Other,JP Equity,,0.0
535A,NZAM 上場投信 DAX（為替ヘッジなし）,PASSIVE,2026/3/19,1.0,Other,JP Equity,,0.0
536A,NZAM 上場投信 先進国株式（MSCI-KOKUSAI）（為替ヘッジなし）,PASSIVE,2026/3/19,1.0,Other,JP Equity,,0.0
537A,NZAM 上場投信 全世界株式（MSCI ACWI）（為替ヘッジなし）,PASSIVE,2026/3/19,1.0,Other,JP Equity,,0.0
538A,NZAM 上場投信 米国国債7-10年（為替ヘッジなし）,BOND,2026/3/19,1.0,Bond,Bond,,0.0
539A,NZAM 上場投信 海外債券（FTSE WGBI除く日本）（為替ヘッジなし）,PASSIVE,2026/3/19,1.0,Bond,Bond,,0.0
540A,上場インデックスファンド日経銀行株トップ10,PASSIVE,2026/3/18,1.0,Market,JP Equity,,0.0
541A,Ｏｎｅ　ＥＴＦ　ＴＯＰＩＸ高配当株グロース指数,PASSIVE,2026/3/24,10.0,Market,JP Equity,,0.0
552A,ＭＡＸＩＳ米国ＡＩインフラ株上場投信,PASSIVE,2026/3/31,1.0,Other,JP Equity,,0.0
563A,グローバルＸ NASDAQ100・デイリー・カバード・コール ETF,PASSIVE,2026/4/23,1.0,Other,JP Equity,,0.0
564A,グローバルＸ S&P先進国キャッシュフロー・トップ100 ETF,PASSIVE,2026/4/23,1.0,Other,JP Equity,,0.0
566A,iFreeETF ブルームバーグ日本株（除く金融）高配当50指数,PASSIVE,2026/5/7,1.0,Dividend,JP Equity,,0.0
568A,iシェアーズ　シルバー ETF,PASSIVE,2026/5/20,10.0,Other,JP Equity,,0.0
569A,iシェアーズ　プラチナ ETF,PASSIVE,2026/5/20,10.0,Other,JP Equity,,0.0
570A,iシェアーズ　日本国債0-1年 ETF,BOND,2026/5/27,10.0,Bond,Bond,,0.0
571A,iシェアーズ　日本国債1-3年 ETF,BOND,2026/5/27,10.0,Bond,Bond,,0.0
572A,iシェアーズ　日本国債3-7年 ETF,BOND,2026/5/27,10.0,Bond,Bond,,0.0
573A,iシェアーズ　日本国債20年超 ETF,BOND,2026/5/27,10.0,Bond,Bond,,0.0
576A,グローバルＸ チャイナテック・カバード・コール ETF,PASSIVE,2026/5/28,1.0,Other,JP Equity,,0.0
577A,グローバルＸ シルバー ETF,PASSIVE,2026/5/28,10.0,Other,JP Equity,,0.0
578A,グローバルＸ シルバー ETF（為替ヘッジあり）,PASSIVE,2026/5/28,10.0,Other,JP Equity,,0.0
579A,グローバルＸ 銀ビジネス ETF,PASSIVE,2026/5/28,1.0,Other,JP Equity,,0.0
580A,グローバルＸ 銅ビジネス ETF,PASSIVE,2026/5/28,1.0,Other,JP Equity,,0.0
585A,日本バリュー・ボトムアップ株式投資戦略アクティブＥＴＦ,ACTIVE,2026/6/9,1.0,Active,JP Equity,,0.0
586A,ＮＥＸＴ ＦＵＮＤＳ 日経エンタメ・コンテンツ株指数連動型上場投信,PASSIVE,2026/6/9,10.0,Market,JP Equity,サンリオ,40700.0
600A,ニッセイＥＴＦ　ラッセル２０００,PASSIVE,2026/7/9,1.0,Other,JP Equity,,0.0
605A,ＮＥＸＴ ＦＵＮＤＳ 日本株政策フォーカス上場投信,PASSIVE,2026/7/14,10.0,Active,JP Equity,,0.0
606A,金２倍ブルＥＴＦ ,LEVERAGED_INVERSE,2026/7/15,1.0,Market,JP Equity,,0.0
608A,上場インデックスファンド東証ＲＥＩＴ高利回り30,REIT,2026/7/21,1.0,Other,JP Equity,,0.0
609A,グローバルＸ 総合商社＆資源ビジネス-日本株式 ETF,PASSIVE,2026/7/30,1.0,Other,JP Equity,,0.0
610A,グローバルＸ 宇宙テック・トップ10 ETF（除く日本）,PASSIVE,2026/7/30,1.0,Other,JP Equity,,0.0
611A,Ｏｎｅ　ＥＴＦ　日本国債　２７－３０年,BOND,2026/7/31,10.0,Bond,Bond,,0.0
612A, Ｏｎｅ　ＥＴＦ　日本国債先物逆連動指数,BOND,2026/7/31,10.0,Leveraged,Leveraged/Inverse,,0.0
613A,iFreeETF ドイツ0-3カ月短期国債,PASSIVE,2026/8/3,1.0,Bond,Bond,,0.0
626A,iFreeETF ゴールドプラスインカム,PASSIVE,2026/9/4,1.0,Other,JP Equity,,0.0
